sample,time,DRB3,DRB4,DRB5,locus,copy_number
INCOV005,BL,0.27215607516855544,2.869028833739779e-5,0,DRB3,2
INCOV005,BL,0.27215607516855544,2.869028833739779e-5,0,DRB4,0
INCOV005,BL,0.27215607516855544,2.869028833739779e-5,0,DRB5,0
INCOV003,AC,0.1035441174261204,0.18581451600787247,1.502381274319797e-5,DRB3,1
INCOV003,AC,0.1035441174261204,0.18581451600787247,1.502381274319797e-5,DRB4,1
INCOV003,AC,0.1035441174261204,0.18581451600787247,1.502381274319797e-5,DRB5,0
INCOV003,BL,0.10750993856161908,0.22868088182146729,2.8912179255511385e-5,DRB3,1
INCOV003,BL,0.10750993856161908,0.22868088182146729,2.8912179255511385e-5,DRB4,1
INCOV003,BL,0.10750993856161908,0.22868088182146729,2.8912179255511385e-5,DRB5,0
INCOV005,AC,0.28347694526198836,2.3639823646915592e-5,1.1819911823457796e-5,DRB3,2
INCOV005,AC,0.28347694526198836,2.3639823646915592e-5,1.1819911823457796e-5,DRB4,0
INCOV005,AC,0.28347694526198836,2.3639823646915592e-5,1.1819911823457796e-5,DRB5,0
INCOV007,AC,0.2215214750232259,0,3.57321517901808e-5,DRB3,2
INCOV007,AC,0.2215214750232259,0,3.57321517901808e-5,DRB4,0
INCOV007,AC,0.2215214750232259,0,3.57321517901808e-5,DRB5,0
INCOV008,BL,0.003549071712650033,0,0.37609459435358744,DRB3,2
INCOV008,BL,0.003549071712650033,0,0.37609459435358744,DRB4,0
INCOV008,BL,0.003549071712650033,0,0.37609459435358744,DRB5,0
INCOV007,BL,0.184640522875817,1.0212418300653594e-5,0,DRB3,2
INCOV007,BL,0.184640522875817,1.0212418300653594e-5,0,DRB4,0
INCOV007,BL,0.184640522875817,1.0212418300653594e-5,0,DRB5,0
INCOV009,AC,0.0014905097920833177,1.886721255801668e-5,0.7638202331987473,DRB3,0
INCOV009,AC,0.0014905097920833177,1.886721255801668e-5,0.7638202331987473,DRB4,0
INCOV009,AC,0.0014905097920833177,1.886721255801668e-5,0.7638202331987473,DRB5,2
INCOV009,BL,0.0016128365245440634,0,0.7196834980632176,DRB3,0
INCOV009,BL,0.0016128365245440634,0,0.7196834980632176,DRB4,0
INCOV009,BL,0.0016128365245440634,0,0.7196834980632176,DRB5,2
INCOV010,AC,0.1335337696422046,4.9832231487326005e-5,1.1627520680376067e-4,DRB3,2
INCOV010,AC,0.1335337696422046,4.9832231487326005e-5,1.1627520680376067e-4,DRB4,0
INCOV010,AC,0.1335337696422046,4.9832231487326005e-5,1.1627520680376067e-4,DRB5,0
INCOV011,AC,0.001206593679578402,0,0.3728551910144259,DRB3,0
INCOV011,AC,0.001206593679578402,0,0.3728551910144259,DRB4,0
INCOV011,AC,0.001206593679578402,0,0.3728551910144259,DRB5,1
INCOV011,BL,0.25973430458023267,0,0.0018472906403940886,DRB3,0
INCOV011,BL,0.25973430458023267,0,0.0018472906403940886,DRB4,0
INCOV011,BL,0.25973430458023267,0,0.0018472906403940886,DRB5,1
INCOV010,BL,0.14472413571106676,0,0.002306916457434709,DRB3,2
INCOV010,BL,0.14472413571106676,0,0.002306916457434709,DRB4,0
INCOV010,BL,0.14472413571106676,0,0.002306916457434709,DRB5,0
INCOV012,BL,0.3979291587803986,3.181015698312471e-5,0.002862914128481224,DRB3,2
INCOV012,BL,0.3979291587803986,3.181015698312471e-5,0.002862914128481224,DRB4,0
INCOV012,BL,0.3979291587803986,3.181015698312471e-5,0.002862914128481224,DRB5,0
INCOV013,AC,0.08824199612623904,0,0.37598268200979834,DRB3,1
INCOV013,AC,0.08824199612623904,0,0.37598268200979834,DRB4,0
INCOV013,AC,0.08824199612623904,0,0.37598268200979834,DRB5,1
INCOV012,AC,0.38523520834932085,0,0.0017869476084501792,DRB3,2
INCOV012,AC,0.38523520834932085,0,0.0017869476084501792,DRB4,0
INCOV012,AC,0.38523520834932085,0,0.0017869476084501792,DRB5,0
INCOV015,BL,6.107077424170455e-4,1.3571283164823234e-4,0.6740856347967701,DRB3,0
INCOV015,BL,6.107077424170455e-4,1.3571283164823234e-4,0.6740856347967701,DRB4,0
INCOV015,BL,6.107077424170455e-4,1.3571283164823234e-4,0.6740856347967701,DRB5,2
INCOV014,BL,0.17156455390194153,0.2226083452947546,5.036387902596258e-5,DRB3,1
INCOV014,BL,0.17156455390194153,0.2226083452947546,5.036387902596258e-5,DRB4,1
INCOV014,BL,0.17156455390194153,0.2226083452947546,5.036387902596258e-5,DRB5,0
INCOV013,BL,0.10507160750579005,4.726568038946921e-5,0.4157174142521782,DRB3,1
INCOV013,BL,0.10507160750579005,4.726568038946921e-5,0.4157174142521782,DRB4,0
INCOV013,BL,0.10507160750579005,4.726568038946921e-5,0.4157174142521782,DRB5,1
INCOV018,BL,0.31810936308822513,4.158292327950655e-4,5.544389770600873e-4,DRB3,2
INCOV018,BL,0.31810936308822513,4.158292327950655e-4,5.544389770600873e-4,DRB4,0
INCOV018,BL,0.31810936308822513,4.158292327950655e-4,5.544389770600873e-4,DRB5,0
INCOV015,AC,0.1042710830246241,5.084622648362026e-4,0.15239340451805042,DRB3,0
INCOV015,AC,0.1042710830246241,5.084622648362026e-4,0.15239340451805042,DRB4,0
INCOV015,AC,0.1042710830246241,5.084622648362026e-4,0.15239340451805042,DRB5,2
INCOV016,BL,0.11582518216529504,0,4.563639959231483e-5,DRB3,1
INCOV016,BL,0.11582518216529504,0,4.563639959231483e-5,DRB4,0
INCOV016,BL,0.11582518216529504,0,4.563639959231483e-5,DRB5,0
INCOV018,AC,0.32178534657873503,5.843559562567827e-4,6.400089044717144e-4,DRB3,2
INCOV018,AC,0.32178534657873503,5.843559562567827e-4,6.400089044717144e-4,DRB4,0
INCOV018,AC,0.32178534657873503,5.843559562567827e-4,6.400089044717144e-4,DRB5,0
INCOV016,AC,0.16213784806147777,1.0838815967743683e-5,0.0015933059472583214,DRB3,1
INCOV016,AC,0.16213784806147777,1.0838815967743683e-5,0.0015933059472583214,DRB4,0
INCOV016,AC,0.16213784806147777,1.0838815967743683e-5,0.0015933059472583214,DRB5,0
INCOV019,BL,0.11563161850105896,0.15655530504884882,5.807200929152149e-4,DRB3,1
INCOV019,BL,0.11563161850105896,0.15655530504884882,5.807200929152149e-4,DRB4,1
INCOV019,BL,0.11563161850105896,0.15655530504884882,5.807200929152149e-4,DRB5,0
INCOV019,AC,0.11792552273990456,0.13601778561435116,5.366349157674838e-4,DRB3,1
INCOV019,AC,0.11792552273990456,0.13601778561435116,5.366349157674838e-4,DRB4,1
INCOV019,AC,0.11792552273990456,0.13601778561435116,5.366349157674838e-4,DRB5,0
INCOV022,BL,0.09829512453449042,0.0019132870955618573,0.11418224059585226,DRB3,0
INCOV022,BL,0.09829512453449042,0.0019132870955618573,0.11418224059585226,DRB4,0
INCOV022,BL,0.09829512453449042,0.0019132870955618573,0.11418224059585226,DRB5,2
INCOV022,AC,0.00129366106080207,0,0.5961313373991253,DRB3,0
INCOV022,AC,0.00129366106080207,0,0.5961313373991253,DRB4,0
INCOV022,AC,0.00129366106080207,0,0.5961313373991253,DRB5,2
INCOV020,BL,0.19396123260437376,0.21748674618952948,0.001035453943008615,DRB3,1
INCOV020,BL,0.19396123260437376,0.21748674618952948,0.001035453943008615,DRB4,1
INCOV020,BL,0.19396123260437376,0.21748674618952948,0.001035453943008615,DRB5,0
INCOV023,BL,0.1583887532620591,0.0016415523192187895,3.367286808653927e-4,DRB3,2
INCOV023,BL,0.1583887532620591,0.0016415523192187895,3.367286808653927e-4,DRB4,0
INCOV023,BL,0.1583887532620591,0.0016415523192187895,3.367286808653927e-4,DRB5,0
INCOV020,AC,0.15569700620248425,0.1886955247692383,4.395461279242027e-4,DRB3,1
INCOV020,AC,0.15569700620248425,0.1886955247692383,4.395461279242027e-4,DRB4,1
INCOV020,AC,0.15569700620248425,0.1886955247692383,4.395461279242027e-4,DRB5,0
INCOV023,AC,0.16976224999424613,0.0015880687702824001,5.753872356095653e-4,DRB3,2
INCOV023,AC,0.16976224999424613,0.0015880687702824001,5.753872356095653e-4,DRB4,0
INCOV023,AC,0.16976224999424613,0.0015880687702824001,5.753872356095653e-4,DRB5,0
INCOV024,AC,6.063624748251293e-4,0.1398315178552093,7.796088962037378e-4,DRB3,0
INCOV024,AC,6.063624748251293e-4,0.1398315178552093,7.796088962037378e-4,DRB4,1
INCOV024,AC,6.063624748251293e-4,0.1398315178552093,7.796088962037378e-4,DRB5,0
INCOV026,AC,9.247583018074821e-4,0.17847835224884406,0.34560739806641444,DRB3,0
INCOV026,AC,9.247583018074821e-4,0.17847835224884406,0.34560739806641444,DRB4,1
INCOV026,AC,9.247583018074821e-4,0.17847835224884406,0.34560739806641444,DRB5,1
INCOV027,AC,0.11380145278450363,0.0043583535108958835,0.32058111380145277,DRB3,1
INCOV027,AC,0.11380145278450363,0.0043583535108958835,0.32058111380145277,DRB4,0
INCOV027,AC,0.11380145278450363,0.0043583535108958835,0.32058111380145277,DRB5,1
INCOV026,BL,8.846165187391266e-5,0.17754253531094272,0.39801845899802435,DRB3,0
INCOV026,BL,8.846165187391266e-5,0.17754253531094272,0.39801845899802435,DRB4,1
INCOV026,BL,8.846165187391266e-5,0.17754253531094272,0.39801845899802435,DRB5,1
INCOV028,AC,0.06543274244004171,0.27763295099061525,0.0023461939520333683,DRB3,1
INCOV028,AC,0.06543274244004171,0.27763295099061525,0.0023461939520333683,DRB4,1
INCOV028,AC,0.06543274244004171,0.27763295099061525,0.0023461939520333683,DRB5,0
INCOV028,BL,0.07084188911704312,0.27921411237633004,7.933544894530521e-4,DRB3,1
INCOV028,BL,0.07084188911704312,0.27921411237633004,7.933544894530521e-4,DRB4,1
INCOV028,BL,0.07084188911704312,0.27921411237633004,7.933544894530521e-4,DRB5,0
INCOV025,AC,0.07821042527440424,0.1586327782646801,0.001335503526564,DRB3,1
INCOV025,AC,0.07821042527440424,0.1586327782646801,0.001335503526564,DRB4,1
INCOV025,AC,0.07821042527440424,0.1586327782646801,0.001335503526564,DRB5,0
INCOV027,BL,0.0014767190717765834,0.11745441760008037,0.002883118187754282,DRB3,1
INCOV027,BL,0.0014767190717765834,0.11745441760008037,0.002883118187754282,DRB4,0
INCOV027,BL,0.0014767190717765834,0.11745441760008037,0.002883118187754282,DRB5,1
INCOV029,AC,8.466803076271784e-4,0.2044732942919636,0.3400127002046144,DRB3,0
INCOV029,AC,8.466803076271784e-4,0.2044732942919636,0.3400127002046144,DRB4,1
INCOV029,AC,8.466803076271784e-4,0.2044732942919636,0.3400127002046144,DRB5,1
INCOV029,BL,4.5257645309368334e-4,0.2911359668972651,0.3418891834227711,DRB3,0
INCOV029,BL,4.5257645309368334e-4,0.2911359668972651,0.3418891834227711,DRB4,1
INCOV029,BL,4.5257645309368334e-4,0.2911359668972651,0.3418891834227711,DRB5,1
INCOV025,BL,0.0932220367278798,0.19018363939899832,0.0017028380634390651,DRB3,1
INCOV025,BL,0.0932220367278798,0.19018363939899832,0.0017028380634390651,DRB4,1
INCOV025,BL,0.0932220367278798,0.19018363939899832,0.0017028380634390651,DRB5,0
INCOV024,BL,9.707112970711297e-4,0.14523849372384937,0.2535564853556485,DRB3,0
INCOV024,BL,9.707112970711297e-4,0.14523849372384937,0.2535564853556485,DRB4,1
INCOV024,BL,9.707112970711297e-4,0.14523849372384937,0.2535564853556485,DRB5,0
INCOV030,BL,2.3072486060373004e-4,0.3395500865218227,8.075370121130552e-4,DRB3,0
INCOV030,BL,2.3072486060373004e-4,0.3395500865218227,8.075370121130552e-4,DRB4,2
INCOV030,BL,2.3072486060373004e-4,0.3395500865218227,8.075370121130552e-4,DRB5,0
INCOV031,PD1,0.08182260615646672,0.04361844506630977,0.21724054021170458,DRB3,0
INCOV031,PD1,0.08182260615646672,0.04361844506630977,0.21724054021170458,DRB4,0
INCOV031,PD1,0.08182260615646672,0.04361844506630977,0.21724054021170458,DRB5,1
INCOV030,AC,0.001504648288462572,0.1670159600193455,0.16400666344242035,DRB3,0
INCOV030,AC,0.001504648288462572,0.1670159600193455,0.16400666344242035,DRB4,2
INCOV030,AC,0.001504648288462572,0.1670159600193455,0.16400666344242035,DRB5,0
INCOV032,BL,0.14395126196692776,0.15694807078619089,5.802146794313896e-4,DRB3,1
INCOV032,BL,0.14395126196692776,0.15694807078619089,5.802146794313896e-4,DRB4,1
INCOV032,BL,0.14395126196692776,0.15694807078619089,5.802146794313896e-4,DRB5,0
INCOV032,AC,0.1378737541528239,0.15521790111393394,4.3971076802814147e-4,DRB3,1
INCOV032,AC,0.1378737541528239,0.15521790111393394,4.3971076802814147e-4,DRB4,1
INCOV032,AC,0.1378737541528239,0.15521790111393394,4.3971076802814147e-4,DRB5,0
INCOV031,BL,0.002079588312008741,0.0017976102358041662,0.3233231116280709,DRB3,0
INCOV031,BL,0.002079588312008741,0.0017976102358041662,0.3233231116280709,DRB4,0
INCOV031,BL,0.002079588312008741,0.0017976102358041662,0.3233231116280709,DRB5,1
INCOV034,AC,0.0011171401212894988,0.25231407596552824,6.383657835939994e-4,DRB3,0
INCOV034,AC,0.0011171401212894988,0.25231407596552824,6.383657835939994e-4,DRB4,2
INCOV034,AC,0.0011171401212894988,0.25231407596552824,6.383657835939994e-4,DRB5,0
INCOV031,AC,0.001462102817158821,0.002088718310226887,0.3224458891412757,DRB3,0
INCOV031,AC,0.001462102817158821,0.002088718310226887,0.3224458891412757,DRB4,0
INCOV031,AC,0.001462102817158821,0.002088718310226887,0.3224458891412757,DRB5,1
INCOV034,BL,3.5137034434293746e-4,0.2847505270555165,0.0011243851018974,DRB3,0
INCOV034,BL,3.5137034434293746e-4,0.2847505270555165,0.0011243851018974,DRB4,2
INCOV034,BL,3.5137034434293746e-4,0.2847505270555165,0.0011243851018974,DRB5,0
INCOV033,BL,0.30915125651967756,0.00158052789631737,3.951319740793425e-4,DRB3,2
INCOV033,BL,0.30915125651967756,0.00158052789631737,3.951319740793425e-4,DRB4,0
INCOV033,BL,0.30915125651967756,0.00158052789631737,3.951319740793425e-4,DRB5,0
INCOV035,BL,0.1058457051961824,0.0012261399787910922,0.001524390243902439,DRB3,1
INCOV035,BL,0.1058457051961824,0.0012261399787910922,0.001524390243902439,DRB4,0
INCOV035,BL,0.1058457051961824,0.0012261399787910922,0.001524390243902439,DRB5,0
INCOV039,BL,0.060880941997383344,1.7444395987788923e-4,0.00113388573920628,DRB3,1
INCOV039,BL,0.060880941997383344,1.7444395987788923e-4,0.00113388573920628,DRB4,0
INCOV039,BL,0.060880941997383344,1.7444395987788923e-4,0.00113388573920628,DRB5,0
INCOV039,AC,0.19703175700835152,0.0012234693334751848,0.27432310229267515,DRB3,1
INCOV039,AC,0.19703175700835152,0.0012234693334751848,0.27432310229267515,DRB4,0
INCOV039,AC,0.19703175700835152,0.0012234693334751848,0.27432310229267515,DRB5,0
INCOV040,BL,0.1831537708129285,0.0019588638589618022,0.005876591576885406,DRB3,1
INCOV040,BL,0.1831537708129285,0.0019588638589618022,0.005876591576885406,DRB4,0
INCOV040,BL,0.1831537708129285,0.0019588638589618022,0.005876591576885406,DRB5,0
INCOV040,AC,0.20789584208315834,0.00125997480050399,0.0020999580008399833,DRB3,1
INCOV040,AC,0.20789584208315834,0.00125997480050399,0.0020999580008399833,DRB4,0
INCOV040,AC,0.20789584208315834,0.00125997480050399,0.0020999580008399833,DRB5,0
INCOV036,AC,0.15369096160380563,0,0,DRB3,1
INCOV036,AC,0.15369096160380563,0,0,DRB4,0
INCOV036,AC,0.15369096160380563,0,0,DRB5,0
INCOV041,AC,0.18909825033647376,6.729475100942127e-4,0.002018842530282638,DRB3,2
INCOV041,AC,0.18909825033647376,6.729475100942127e-4,0.002018842530282638,DRB4,0
INCOV041,AC,0.18909825033647376,6.729475100942127e-4,0.002018842530282638,DRB5,0
INCOV035,AC,0.20918861347792408,0.005276917118512781,0.004550735863671573,DRB3,1
INCOV035,AC,0.20918861347792408,0.005276917118512781,0.004550735863671573,DRB4,0
INCOV035,AC,0.20918861347792408,0.005276917118512781,0.004550735863671573,DRB5,0
INCOV033,AC,0.07317627590220128,9.092479610114475e-6,1.1820223493148817e-4,DRB3,2
INCOV033,AC,0.07317627590220128,9.092479610114475e-6,1.1820223493148817e-4,DRB4,0
INCOV033,AC,0.07317627590220128,9.092479610114475e-6,1.1820223493148817e-4,DRB5,0
INCOV043,BL,0,0.0019821605550049554,0.2745292368681863,DRB3,0
INCOV043,BL,0,0.0019821605550049554,0.2745292368681863,DRB4,0
INCOV043,BL,0,0.0019821605550049554,0.2745292368681863,DRB5,1
INCOV043,AC,0.003067484662576687,7.668711656441718e-4,0.2745398773006135,DRB3,0
INCOV043,AC,0.003067484662576687,7.668711656441718e-4,0.2745398773006135,DRB4,0
INCOV043,AC,0.003067484662576687,7.668711656441718e-4,0.2745398773006135,DRB5,1
INCOV044,BL,0.09100877192982457,2.7412280701754384e-4,0.28015350877192985,DRB3,1
INCOV044,BL,0.09100877192982457,2.7412280701754384e-4,0.28015350877192985,DRB4,0
INCOV044,BL,0.09100877192982457,2.7412280701754384e-4,0.28015350877192985,DRB5,1
INCOV044,AC,0.10483210483210484,2.73000273000273e-4,0.3254163254163254,DRB3,1
INCOV044,AC,0.10483210483210484,2.73000273000273e-4,0.3254163254163254,DRB4,0
INCOV044,AC,0.10483210483210484,2.73000273000273e-4,0.3254163254163254,DRB5,1
INCOV042,AC,0.07243370016236694,6.314270250766733e-4,0.0011726501894281074,DRB3,1
INCOV042,AC,0.07243370016236694,6.314270250766733e-4,0.0011726501894281074,DRB4,0
INCOV042,AC,0.07243370016236694,6.314270250766733e-4,0.0011726501894281074,DRB5,0
INCOV036,BL,0.14723430073819396,4.2471432905248255e-4,4.449388209121246e-4,DRB3,1
INCOV036,BL,0.14723430073819396,4.2471432905248255e-4,4.449388209121246e-4,DRB4,0
INCOV036,BL,0.14723430073819396,4.2471432905248255e-4,4.449388209121246e-4,DRB5,0
INCOV047,BL,0.001697792869269949,0.1774193548387097,0.0025466893039049238,DRB3,0
INCOV047,BL,0.001697792869269949,0.1774193548387097,0.0025466893039049238,DRB4,1
INCOV047,BL,0.001697792869269949,0.1774193548387097,0.0025466893039049238,DRB5,0
INCOV042,BL,0.057074910820451845,6.936187078874356e-4,0.0013872374157748713,DRB3,1
INCOV042,BL,0.057074910820451845,6.936187078874356e-4,0.0013872374157748713,DRB4,0
INCOV042,BL,0.057074910820451845,6.936187078874356e-4,0.0013872374157748713,DRB5,0
INCOV047,AC,7.342143906020558e-4,0.14959618208516887,0.0018355359765051395,DRB3,0
INCOV047,AC,7.342143906020558e-4,0.14959618208516887,0.0018355359765051395,DRB4,1
INCOV047,AC,7.342143906020558e-4,0.14959618208516887,0.0018355359765051395,DRB5,0
INCOV048,BL,0.0010498687664041995,0.37900262467191603,0.3220472440944882,DRB3,0
INCOV048,BL,0.0010498687664041995,0.37900262467191603,0.3220472440944882,DRB4,1
INCOV048,BL,0.0010498687664041995,0.37900262467191603,0.3220472440944882,DRB5,1
INCOV045,AC,0.0627079342675673,0.0014114326040931546,0.0014114326040931546,DRB3,1
INCOV045,AC,0.0627079342675673,0.0014114326040931546,0.0014114326040931546,DRB4,0
INCOV045,AC,0.0627079342675673,0.0014114326040931546,0.0014114326040931546,DRB5,1
INCOV041,BL,0.1513567797999672,0.0017420888670273815,0.0013116904410559109,DRB3,2
INCOV041,BL,0.1513567797999672,0.0017420888670273815,0.0013116904410559109,DRB4,0
INCOV041,BL,0.1513567797999672,0.0017420888670273815,0.0013116904410559109,DRB5,0
INCOV045,BL,0.1631699408735457,1.9073049780659929e-4,0.29486934960900246,DRB3,1
INCOV045,BL,0.1631699408735457,1.9073049780659929e-4,0.29486934960900246,DRB4,0
INCOV045,BL,0.1631699408735457,1.9073049780659929e-4,0.29486934960900246,DRB5,1
INCOV049,BL,0.22988505747126436,8.910273545397844e-5,9.801300899937627e-4,DRB3,2
INCOV049,BL,0.22988505747126436,8.910273545397844e-5,9.801300899937627e-4,DRB4,0
INCOV049,BL,0.22988505747126436,8.910273545397844e-5,9.801300899937627e-4,DRB5,0
INCOV050,BL,0.1685886875343218,2.1965952773201537e-4,0.0016474464579901153,DRB3,2
INCOV050,BL,0.1685886875343218,2.1965952773201537e-4,0.0016474464579901153,DRB4,0
INCOV050,BL,0.1685886875343218,2.1965952773201537e-4,0.0016474464579901153,DRB5,0
INCOV051,BL,0,0.14936454007801686,7.550018875047187e-4,DRB3,0
INCOV051,BL,0,0.14936454007801686,7.550018875047187e-4,DRB4,1
INCOV051,BL,0,0.14936454007801686,7.550018875047187e-4,DRB5,0
INCOV049,AC,0.17022525497101768,0.002054442732408834,0.0017609509134932863,DRB3,2
INCOV049,AC,0.17022525497101768,0.002054442732408834,0.0017609509134932863,DRB4,0
INCOV049,AC,0.17022525497101768,0.002054442732408834,0.0017609509134932863,DRB5,0
INCOV050,AC,0.23064664123243347,2.897570869754189e-4,3.3804993480465544e-4,DRB3,2
INCOV050,AC,0.23064664123243347,2.897570869754189e-4,3.3804993480465544e-4,DRB4,0
INCOV050,AC,0.23064664123243347,2.897570869754189e-4,3.3804993480465544e-4,DRB5,0
INCOV051,AC,9.771456489875686e-4,0.15080614516041474,5.428586938819825e-4,DRB3,0
INCOV051,AC,9.771456489875686e-4,0.15080614516041474,5.428586938819825e-4,DRB4,1
INCOV051,AC,9.771456489875686e-4,0.15080614516041474,5.428586938819825e-4,DRB5,0
INCOV052,BL,0.1593070992289977,0.0014018223690798037,0.0012015620306398318,DRB3,1
INCOV052,BL,0.1593070992289977,0.0014018223690798037,0.0012015620306398318,DRB4,0
INCOV052,BL,0.1593070992289977,0.0014018223690798037,0.0012015620306398318,DRB5,0
INCOV053,BL,0.16417910447761194,0.0027137042062415195,0.4339665309814564,DRB3,1
INCOV053,BL,0.16417910447761194,0.0027137042062415195,0.4339665309814564,DRB4,0
INCOV053,BL,0.16417910447761194,0.0027137042062415195,0.4339665309814564,DRB5,1
INCOV055,BL,8.620689655172414e-4,4.310344827586207e-4,0.9849137931034483,DRB3,0
INCOV055,BL,8.620689655172414e-4,4.310344827586207e-4,0.9849137931034483,DRB4,0
INCOV055,BL,8.620689655172414e-4,4.310344827586207e-4,0.9849137931034483,DRB5,2
INCOV053,AC,0.16068933395435492,0.0016301816488122963,0.46273870517000465,DRB3,1
INCOV053,AC,0.16068933395435492,0.0016301816488122963,0.46273870517000465,DRB4,0
INCOV053,AC,0.16068933395435492,0.0016301816488122963,0.46273870517000465,DRB5,1
INCOV053,PD1,0.1232720210213641,0.01713698160630641,0.2561407517422598,DRB3,1
INCOV053,PD1,0.1232720210213641,0.01713698160630641,0.2561407517422598,DRB4,0
INCOV053,PD1,0.1232720210213641,0.01713698160630641,0.2561407517422598,DRB5,1
INCOV052,AC,0.17358338522398448,4.761730339548002e-4,6.593165085528003e-4,DRB3,1
INCOV052,AC,0.17358338522398448,4.761730339548002e-4,6.593165085528003e-4,DRB4,0
INCOV052,AC,0.17358338522398448,4.761730339548002e-4,6.593165085528003e-4,DRB5,0
INCOV056,AC,0.19750838127560946,0.14622739125036216,3.7250113819792225e-4,DRB3,1
INCOV056,AC,0.19750838127560946,0.14622739125036216,3.7250113819792225e-4,DRB4,1
INCOV056,AC,0.19750838127560946,0.14622739125036216,3.7250113819792225e-4,DRB5,0
INCOV057,BL,0.06682661774045585,0.1486839319737492,5.645332016089196e-4,DRB3,1
INCOV057,BL,0.06682661774045585,0.1486839319737492,5.645332016089196e-4,DRB4,1
INCOV057,BL,0.06682661774045585,0.1486839319737492,5.645332016089196e-4,DRB5,0
INCOV057,AC,0.06739312657166806,0.118077675328304,1.6764459346186087e-4,DRB3,1
INCOV057,AC,0.06739312657166806,0.118077675328304,1.6764459346186087e-4,DRB4,1
INCOV057,AC,0.06739312657166806,0.118077675328304,1.6764459346186087e-4,DRB5,0
INCOV058,AC,7.654623392529088e-5,0.25685088793631355,3.8273116962645435e-4,DRB3,0
INCOV058,AC,7.654623392529088e-5,0.25685088793631355,3.8273116962645435e-4,DRB4,2
INCOV058,AC,7.654623392529088e-5,0.25685088793631355,3.8273116962645435e-4,DRB5,0
INCOV058,BL,3.8459566176093533e-4,0.2802676785805856,3.3331624019281063e-4,DRB3,0
INCOV058,BL,3.8459566176093533e-4,0.2802676785805856,3.3331624019281063e-4,DRB4,2
INCOV058,BL,3.8459566176093533e-4,0.2802676785805856,3.3331624019281063e-4,DRB5,0
INCOV059,BL,0.1754939050021017,0.13338937929101863,4.90402129746392e-4,DRB3,1
INCOV059,BL,0.1754939050021017,0.13338937929101863,4.90402129746392e-4,DRB4,1
INCOV059,BL,0.1754939050021017,0.13338937929101863,4.90402129746392e-4,DRB5,0
INCOV056,BL,0.20241885928160439,0.13414055080721748,8.519077146528127e-4,DRB3,1
INCOV056,BL,0.20241885928160439,0.13414055080721748,8.519077146528127e-4,DRB4,1
INCOV056,BL,0.20241885928160439,0.13414055080721748,8.519077146528127e-4,DRB5,0
INCOV059,AC,0.19605800817242208,0.1389712362791443,4.0060892556686165e-4,DRB3,1
INCOV059,AC,0.19605800817242208,0.1389712362791443,4.0060892556686165e-4,DRB4,1
INCOV059,AC,0.19605800817242208,0.1389712362791443,4.0060892556686165e-4,DRB5,0
INCOV060,BL,0.14110651499482937,0.08846949327817993,1.0341261633919338e-4,DRB3,1
INCOV060,BL,0.14110651499482937,0.08846949327817993,1.0341261633919338e-4,DRB4,1
INCOV060,BL,0.14110651499482937,0.08846949327817993,1.0341261633919338e-4,DRB5,0
INCOV061,BL,9.620472365193131e-5,5.772283419115879e-4,0.3096349030737409,DRB3,0
INCOV061,BL,9.620472365193131e-5,5.772283419115879e-4,0.3096349030737409,DRB4,0
INCOV061,BL,9.620472365193131e-5,5.772283419115879e-4,0.3096349030737409,DRB5,1
INCOV062,BL,6.742583158525622e-4,0.16504345220257716,0.3107581660173809,DRB3,0
INCOV062,BL,6.742583158525622e-4,0.16504345220257716,0.3107581660173809,DRB4,1
INCOV062,BL,6.742583158525622e-4,0.16504345220257716,0.3107581660173809,DRB5,1
INCOV060,AC,0.15115668703835627,0.09744666491695099,5.811555622211391e-4,DRB3,1
INCOV060,AC,0.15115668703835627,0.09744666491695099,5.811555622211391e-4,DRB4,1
INCOV060,AC,0.15115668703835627,0.09744666491695099,5.811555622211391e-4,DRB5,0
INCOV062,AC,6.230960952644697e-4,0.1751246192190529,0.3096787593464414,DRB3,0
INCOV062,AC,6.230960952644697e-4,0.1751246192190529,0.3096787593464414,DRB4,1
INCOV062,AC,6.230960952644697e-4,0.1751246192190529,0.3096787593464414,DRB5,1
INCOV063,BL,0.16430908898976038,3.694711284703895e-4,4.2225271825187374e-4,DRB3,1
INCOV063,BL,0.16430908898976038,3.694711284703895e-4,4.2225271825187374e-4,DRB4,0
INCOV063,BL,0.16430908898976038,3.694711284703895e-4,4.2225271825187374e-4,DRB5,0
INCOV061,AC,5.85171747908011e-4,0.002925858739540055,0.2787758207033764,DRB3,0
INCOV061,AC,5.85171747908011e-4,0.002925858739540055,0.2787758207033764,DRB4,0
INCOV061,AC,5.85171747908011e-4,0.002925858739540055,0.2787758207033764,DRB5,1
INCOV067,BL,6.927073311525881e-4,0.11556667308062343,0.3085626322878584,DRB3,0
INCOV067,BL,6.927073311525881e-4,0.11556667308062343,0.3085626322878584,DRB4,1
INCOV067,BL,6.927073311525881e-4,0.11556667308062343,0.3085626322878584,DRB5,1
INCOV063,AC,0.1408997822058967,2.600526606637844e-4,5.201053213275688e-4,DRB3,1
INCOV063,AC,0.1408997822058967,2.600526606637844e-4,5.201053213275688e-4,DRB4,0
INCOV063,AC,0.1408997822058967,2.600526606637844e-4,5.201053213275688e-4,DRB5,0
INCOV066,AC,4.908354018539554e-4,0.31013785462857785,0.3244982960999621,DRB3,0
INCOV066,AC,4.908354018539554e-4,0.31013785462857785,0.3244982960999621,DRB4,1
INCOV066,AC,4.908354018539554e-4,0.31013785462857785,0.3244982960999621,DRB5,1
INCOV067,AC,3.823433825919058e-5,0.11288688371026019,0.30371446596188034,DRB3,0
INCOV067,AC,3.823433825919058e-5,0.11288688371026019,0.30371446596188034,DRB4,1
INCOV067,AC,3.823433825919058e-5,0.11288688371026019,0.30371446596188034,DRB5,1
INCOV069,BL,0.07177533337430099,0.0012904811651201376,0.29822405211085845,DRB3,1
INCOV069,BL,0.07177533337430099,0.0012904811651201376,0.29822405211085845,DRB4,0
INCOV069,BL,0.07177533337430099,0.0012904811651201376,0.29822405211085845,DRB5,1
INCOV066,BL,0.1381513046619702,0.08054583969653678,0.3051546053171749,DRB3,0
INCOV066,BL,0.1381513046619702,0.08054583969653678,0.3051546053171749,DRB4,1
INCOV066,BL,0.1381513046619702,0.08054583969653678,0.3051546053171749,DRB5,1
INCOV070,BL,0.00137797988149373,0.18037756648752928,8.267879288962381e-4,DRB3,0
INCOV070,BL,0.00137797988149373,0.18037756648752928,8.267879288962381e-4,DRB4,2
INCOV070,BL,0.00137797988149373,0.18037756648752928,8.267879288962381e-4,DRB5,0
INCOV069,AC,0.07456610242125562,5.713877580172845e-4,0.3281551317763017,DRB3,1
INCOV069,AC,0.07456610242125562,5.713877580172845e-4,0.3281551317763017,DRB4,0
INCOV069,AC,0.07456610242125562,5.713877580172845e-4,0.3281551317763017,DRB5,1
INCOV071,AC,0.06556245686680469,3.067249444061038e-4,7.668123610152595e-4,DRB3,0
INCOV071,AC,0.06556245686680469,3.067249444061038e-4,7.668123610152595e-4,DRB4,1
INCOV071,AC,0.06556245686680469,3.067249444061038e-4,7.668123610152595e-4,DRB5,0
INCOV072,BL,0.061001410437235545,0.003173483779971791,0.25176304654442877,DRB3,1
INCOV072,BL,0.061001410437235545,0.003173483779971791,0.25176304654442877,DRB4,0
INCOV072,BL,0.061001410437235545,0.003173483779971791,0.25176304654442877,DRB5,1
INCOV071,BL,3.124442063917158e-4,0.1465363327977147,6.695232994108195e-4,DRB3,0
INCOV071,BL,3.124442063917158e-4,0.1465363327977147,6.695232994108195e-4,DRB4,1
INCOV071,BL,3.124442063917158e-4,0.1465363327977147,6.695232994108195e-4,DRB5,0
INCOV073,AC,0.05414401420170864,0.08631976034616665,0.037279485188061685,DRB3,0
INCOV073,AC,0.05414401420170864,0.08631976034616665,0.037279485188061685,DRB4,1
INCOV073,AC,0.05414401420170864,0.08631976034616665,0.037279485188061685,DRB5,0
INCOV073,BL,0.04995766299745978,0.09716342082980525,0.037362404741744286,DRB3,0
INCOV073,BL,0.04995766299745978,0.09716342082980525,0.037362404741744286,DRB4,1
INCOV073,BL,0.04995766299745978,0.09716342082980525,0.037362404741744286,DRB5,0
INCOV072,AC,0.09029126213592233,4.854368932038835e-4,0.2784789644012945,DRB3,1
INCOV072,AC,0.09029126213592233,4.854368932038835e-4,0.2784789644012945,DRB4,0
INCOV072,AC,0.09029126213592233,4.854368932038835e-4,0.2784789644012945,DRB5,1
INCOV074,AC,0.01875,0.11067708333333333,0.00546875,DRB3,0
INCOV074,AC,0.01875,0.11067708333333333,0.00546875,DRB4,1
INCOV074,AC,0.01875,0.11067708333333333,0.00546875,DRB5,0
INCOV074,BL,0.019723547005092556,0.14113652897906395,0.002667528898229731,DRB3,0
INCOV074,BL,0.019723547005092556,0.14113652897906395,0.002667528898229731,DRB4,1
INCOV074,BL,0.019723547005092556,0.14113652897906395,0.002667528898229731,DRB5,0
INCOV076,BL,3.8162112654556554e-4,0.19050526637154633,0.27911769195542663,DRB3,0
INCOV076,BL,3.8162112654556554e-4,0.19050526637154633,0.27911769195542663,DRB4,1
INCOV076,BL,3.8162112654556554e-4,0.19050526637154633,0.27911769195542663,DRB5,1
INCOV075,AC,0.025822188577676843,0.15257801328959542,0.19522247455631256,DRB3,0
INCOV075,AC,0.025822188577676843,0.15257801328959542,0.19522247455631256,DRB4,1
INCOV075,AC,0.025822188577676843,0.15257801328959542,0.19522247455631256,DRB5,1
INCOV075,BL,0.06887809000633847,0.10275371505035566,0.14705260933868583,DRB3,0
INCOV075,BL,0.06887809000633847,0.10275371505035566,0.14705260933868583,DRB4,1
INCOV075,BL,0.06887809000633847,0.10275371505035566,0.14705260933868583,DRB5,1
INCOV076,AC,6.974716652136007e-4,0.16784655623365302,0.31061900610287707,DRB3,0
INCOV076,AC,6.974716652136007e-4,0.16784655623365302,0.31061900610287707,DRB4,1
INCOV076,AC,6.974716652136007e-4,0.16784655623365302,0.31061900610287707,DRB5,1
INCOV070,AC,0.08344468198824158,0.01130411544628541,0.34603153393907,DRB3,0
INCOV070,AC,0.08344468198824158,0.01130411544628541,0.34603153393907,DRB4,2
INCOV070,AC,0.08344468198824158,0.01130411544628541,0.34603153393907,DRB5,0
INCOV078,AC,0.015836566632354106,0.0913769894686832,0.012431704806397973,DRB3,0
INCOV078,AC,0.015836566632354106,0.0913769894686832,0.012431704806397973,DRB4,1
INCOV078,AC,0.015836566632354106,0.0913769894686832,0.012431704806397973,DRB5,0
INCOV078,BL,0.027814308258811152,0.08488953182535508,0.0023014203051025775,DRB3,0
INCOV078,BL,0.027814308258811152,0.08488953182535508,0.0023014203051025775,DRB4,1
INCOV078,BL,0.027814308258811152,0.08488953182535508,0.0023014203051025775,DRB5,0
INCOV079,AC,0.20699198834668608,0.003932993445010925,0.32206846321922794,DRB3,1
INCOV079,AC,0.20699198834668608,0.003932993445010925,0.32206846321922794,DRB4,0
INCOV079,AC,0.20699198834668608,0.003932993445010925,0.32206846321922794,DRB5,1
INCOV079,BL,0.21641558903257344,0.011953961693996356,0.28960583033373327,DRB3,1
INCOV079,BL,0.21641558903257344,0.011953961693996356,0.28960583033373327,DRB4,0
INCOV079,BL,0.21641558903257344,0.011953961693996356,0.28960583033373327,DRB5,1
INCOV080,BL,0.16836274636094292,0.022027566662372794,0.0033492206621151617,DRB3,2
INCOV080,BL,0.16836274636094292,0.022027566662372794,0.0033492206621151617,DRB4,0
INCOV080,BL,0.16836274636094292,0.022027566662372794,0.0033492206621151617,DRB5,0
INCOV077,BL,0.20848212642197106,0.14854765673894635,0.0010553571647707051,DRB3,1
INCOV077,BL,0.20848212642197106,0.14854765673894635,0.0010553571647707051,DRB4,1
INCOV077,BL,0.20848212642197106,0.14854765673894635,0.0010553571647707051,DRB5,0
INCOV080,AC,0.19690034004708346,0.004642950562385561,2.615746795710175e-4,DRB3,2
INCOV080,AC,0.19690034004708346,0.004642950562385561,2.615746795710175e-4,DRB4,0
INCOV080,AC,0.19690034004708346,0.004642950562385561,2.615746795710175e-4,DRB5,0
INCOV081,BL,0.08550551535164758,0.14065903182744327,9.133703365418394e-4,DRB3,1
INCOV081,BL,0.08550551535164758,0.14065903182744327,9.133703365418394e-4,DRB4,1
INCOV081,BL,0.08550551535164758,0.14065903182744327,9.133703365418394e-4,DRB5,0
INCOV077,AC,0.184385655794851,0.11252519362648784,0.001419716310258718,DRB3,1
INCOV077,AC,0.184385655794851,0.11252519362648784,0.001419716310258718,DRB4,1
INCOV077,AC,0.184385655794851,0.11252519362648784,0.001419716310258718,DRB5,0
INCOV082,AC,0.12011767207769193,0.12376834195789324,0.0010987453037499114,DRB3,1
INCOV082,AC,0.12011767207769193,0.12376834195789324,0.0010987453037499114,DRB4,1
INCOV082,AC,0.12011767207769193,0.12376834195789324,0.0010987453037499114,DRB5,0
INCOV081,AC,0.0605411565895738,0.1422648405415496,0.0016898862274272466,DRB3,1
INCOV081,AC,0.0605411565895738,0.1422648405415496,0.0016898862274272466,DRB4,1
INCOV081,AC,0.0605411565895738,0.1422648405415496,0.0016898862274272466,DRB5,0
INCOV083,AC,0.06933315224772511,0.14131468151568655,0.001697677577074562,DRB3,1
INCOV083,AC,0.06933315224772511,0.14131468151568655,0.001697677577074562,DRB4,1
INCOV083,AC,0.06933315224772511,0.14131468151568655,0.001697677577074562,DRB5,0
INCOV083,BL,0.15644694154060337,0.09704284702109411,0.0013300351775659112,DRB3,1
INCOV083,BL,0.15644694154060337,0.09704284702109411,0.0013300351775659112,DRB4,1
INCOV083,BL,0.15644694154060337,0.09704284702109411,0.0013300351775659112,DRB5,0
INCOV086,BL,0.2320964556698888,0.22606797630183972,0.0020787859889824342,DRB3,1
INCOV086,BL,0.2320964556698888,0.22606797630183972,0.0020787859889824342,DRB4,1
INCOV086,BL,0.2320964556698888,0.22606797630183972,0.0020787859889824342,DRB5,0
INCOV082,BL,0.0012419489934436647,0.23936400658521792,0.0010830950524218005,DRB3,1
INCOV082,BL,0.0012419489934436647,0.23936400658521792,0.0010830950524218005,DRB4,1
INCOV082,BL,0.0012419489934436647,0.23936400658521792,0.0010830950524218005,DRB5,0
INCOV087,BL,0.029208890402793154,0.21289278719236993,0.016179851826620115,DRB3,0
INCOV087,BL,0.029208890402793154,0.21289278719236993,0.016179851826620115,DRB4,2
INCOV087,BL,0.029208890402793154,0.21289278719236993,0.016179851826620115,DRB5,0
INCOV088,AC,0.0037496767520041377,0.160848202741143,2.585983966899405e-4,DRB3,0
INCOV088,AC,0.0037496767520041377,0.160848202741143,2.585983966899405e-4,DRB4,1
INCOV088,AC,0.0037496767520041377,0.160848202741143,2.585983966899405e-4,DRB5,0
INCOV088,BL,0.006553520416736683,0.17375231053604437,0.0016803898504453034,DRB3,0
INCOV088,BL,0.006553520416736683,0.17375231053604437,0.0016803898504453034,DRB4,1
INCOV088,BL,0.006553520416736683,0.17375231053604437,0.0016803898504453034,DRB5,0
INCOV090,BL,0.23205456095481672,0.010571184995737426,0.014492753623188406,DRB3,2
INCOV090,BL,0.23205456095481672,0.010571184995737426,0.014492753623188406,DRB4,0
INCOV090,BL,0.23205456095481672,0.010571184995737426,0.014492753623188406,DRB5,0
INCOV087,AC,0.014588100686498856,0.21777269260106788,0.02040427154843631,DRB3,0
INCOV087,AC,0.014588100686498856,0.21777269260106788,0.02040427154843631,DRB4,2
INCOV087,AC,0.014588100686498856,0.21777269260106788,0.02040427154843631,DRB5,0
INCOV086,AC,0.20167987621964698,0.16925068679149957,0.0021472102055638004,DRB3,1
INCOV086,AC,0.20167987621964698,0.16925068679149957,0.0021472102055638004,DRB4,1
INCOV086,AC,0.20167987621964698,0.16925068679149957,0.0021472102055638004,DRB5,0
INCOV090,AC,0.21042749855574813,0.005921432697862507,0.0033217793183131137,DRB3,2
INCOV090,AC,0.21042749855574813,0.005921432697862507,0.0033217793183131137,DRB4,0
INCOV090,AC,0.21042749855574813,0.005921432697862507,0.0033217793183131137,DRB5,0
INCOV091,AC,0.05401975390387905,0.012415163052474755,0.24289576780886166,DRB3,0
INCOV091,AC,0.05401975390387905,0.012415163052474755,0.24289576780886166,DRB4,0
INCOV091,AC,0.05401975390387905,0.012415163052474755,0.24289576780886166,DRB5,1
INCOV092,AC,0.14865285296496794,0.09874929998133283,0.0010578059859374027,DRB3,1
INCOV092,AC,0.14865285296496794,0.09874929998133283,0.0010578059859374027,DRB4,1
INCOV092,AC,0.14865285296496794,0.09874929998133283,0.0010578059859374027,DRB5,0
INCOV093,BL,0.1364797124751726,0.015511207793436111,0.2615151801759198,DRB3,1
INCOV093,BL,0.1364797124751726,0.015511207793436111,0.2615151801759198,DRB4,0
INCOV093,BL,0.1364797124751726,0.015511207793436111,0.2615151801759198,DRB5,1
INCOV091,BL,0.05115003006614552,0.019618159951894167,0.2392513529765484,DRB3,0
INCOV091,BL,0.05115003006614552,0.019618159951894167,0.2392513529765484,DRB4,0
INCOV091,BL,0.05115003006614552,0.019618159951894167,0.2392513529765484,DRB5,1
INCOV092,BL,0.17022533022533023,0.1431235431235431,5.283605283605284e-4,DRB3,1
INCOV092,BL,0.17022533022533023,0.1431235431235431,5.283605283605284e-4,DRB4,1
INCOV092,BL,0.17022533022533023,0.1431235431235431,5.283605283605284e-4,DRB5,0
INCOV096,BL,0.19892302819132088,0.005226480836236934,0.23059866962305986,DRB3,1
INCOV096,BL,0.19892302819132088,0.005226480836236934,0.23059866962305986,DRB4,0
INCOV096,BL,0.19892302819132088,0.005226480836236934,0.23059866962305986,DRB5,1
INCOV093,AC,0.13401230949589685,0.021248534583821806,0.26260257913247365,DRB3,1
INCOV093,AC,0.13401230949589685,0.021248534583821806,0.26260257913247365,DRB4,0
INCOV093,AC,0.13401230949589685,0.021248534583821806,0.26260257913247365,DRB5,1
INCOV094,AC,0.06669214599656029,0.015860882858780814,0.0010191731957449519,DRB3,1
INCOV094,AC,0.06669214599656029,0.015860882858780814,0.0010191731957449519,DRB4,0
INCOV094,AC,0.06669214599656029,0.015860882858780814,0.0010191731957449519,DRB5,0
INCOV097,BL,0.2201774129484973,0.0037071362372567192,0.0030451476234608765,DRB3,2
INCOV097,BL,0.2201774129484973,0.0037071362372567192,0.0030451476234608765,DRB4,0
INCOV097,BL,0.2201774129484973,0.0037071362372567192,0.0030451476234608765,DRB5,0
INCOV094,BL,0.06555001738727252,0.002492175727367567,0.0013909818013214327,DRB3,1
INCOV094,BL,0.06555001738727252,0.002492175727367567,0.0013909818013214327,DRB4,0
INCOV094,BL,0.06555001738727252,0.002492175727367567,0.0013909818013214327,DRB5,0
INCOV096,AC,0.18757230209882664,0.0035531317137663197,0.23549826474962815,DRB3,1
INCOV096,AC,0.18757230209882664,0.0035531317137663197,0.23549826474962815,DRB4,0
INCOV096,AC,0.18757230209882664,0.0035531317137663197,0.23549826474962815,DRB5,1
INCOV098,AC,0.049962292609351436,0.03676470588235294,0.15346907993966818,DRB3,0
INCOV098,AC,0.049962292609351436,0.03676470588235294,0.15346907993966818,DRB4,0
INCOV098,AC,0.049962292609351436,0.03676470588235294,0.15346907993966818,DRB5,1
INCOV097,AC,0.25182218136450196,0.004005515792238492,8.536345131000065e-4,DRB3,2
INCOV097,AC,0.25182218136450196,0.004005515792238492,8.536345131000065e-4,DRB4,0
INCOV097,AC,0.25182218136450196,0.004005515792238492,8.536345131000065e-4,DRB5,0
INCOV098,BL,0.08278427205100956,0.077577045696068,0.10095642933049948,DRB3,0
INCOV098,BL,0.08278427205100956,0.077577045696068,0.10095642933049948,DRB4,0
INCOV098,BL,0.08278427205100956,0.077577045696068,0.10095642933049948,DRB5,1
INCOV101,AC,0.06488749345892203,0.032443746729461015,2.6164311878597594e-4,DRB3,1
INCOV101,AC,0.06488749345892203,0.032443746729461015,2.6164311878597594e-4,DRB4,0
INCOV101,AC,0.06488749345892203,0.032443746729461015,2.6164311878597594e-4,DRB5,0
INCOV100,AC,0.015301273522144079,0.13343470823037445,0.022429195970347843,DRB3,0
INCOV100,AC,0.015301273522144079,0.13343470823037445,0.022429195970347843,DRB4,1
INCOV100,AC,0.015301273522144079,0.13343470823037445,0.022429195970347843,DRB5,0
INCOV100,BL,0.0379711231951997,0.08606787924245266,0.0507219201200075,DRB3,0
INCOV100,BL,0.0379711231951997,0.08606787924245266,0.0507219201200075,DRB4,1
INCOV100,BL,0.0379711231951997,0.08606787924245266,0.0507219201200075,DRB5,0
INCOV102,AC,0.19130707345105005,0.004283773900323895,0.28429631177515413,DRB3,1
INCOV102,AC,0.19130707345105005,0.004283773900323895,0.28429631177515413,DRB4,0
INCOV102,AC,0.19130707345105005,0.004283773900323895,0.28429631177515413,DRB5,1
INCOV101,BL,0.09388324040669072,0.026238110856018366,0.004263693014102984,DRB3,1
INCOV101,BL,0.09388324040669072,0.026238110856018366,0.004263693014102984,DRB4,0
INCOV101,BL,0.09388324040669072,0.026238110856018366,0.004263693014102984,DRB5,0
INCOV102,BL,0.1862540565600371,0.003998609179415856,0.26124246638850257,DRB3,1
INCOV102,BL,0.1862540565600371,0.003998609179415856,0.26124246638850257,DRB4,0
INCOV102,BL,0.1862540565600371,0.003998609179415856,0.26124246638850257,DRB5,1
INCOV103,BL,0.07765801077902988,0.005022048015678589,8.574228319451249e-4,DRB3,1
INCOV103,BL,0.07765801077902988,0.005022048015678589,8.574228319451249e-4,DRB4,0
INCOV103,BL,0.07765801077902988,0.005022048015678589,8.574228319451249e-4,DRB5,0
INCOV103,AC,0.05538302277432712,0.019151138716356108,0.011645962732919254,DRB3,1
INCOV103,AC,0.05538302277432712,0.019151138716356108,0.011645962732919254,DRB4,0
INCOV103,AC,0.05538302277432712,0.019151138716356108,0.011645962732919254,DRB5,0
INCOV105,BL,0.09231651376146789,0.10493119266055045,0.15567660550458715,DRB3,0
INCOV105,BL,0.09231651376146789,0.10493119266055045,0.15567660550458715,DRB4,1
INCOV105,BL,0.09231651376146789,0.10493119266055045,0.15567660550458715,DRB5,1
INCOV105,AC,0.003046071836527478,0.15852265515928418,0.2677370224647798,DRB3,0
INCOV105,AC,0.003046071836527478,0.15852265515928418,0.2677370224647798,DRB4,1
INCOV105,AC,0.003046071836527478,0.15852265515928418,0.2677370224647798,DRB5,1
INCOV106,AC,0.08558692421991085,0.08023774145616643,0.03952451708766716,DRB3,1
INCOV106,AC,0.08558692421991085,0.08023774145616643,0.03952451708766716,DRB4,1
INCOV106,AC,0.08558692421991085,0.08023774145616643,0.03952451708766716,DRB5,0
INCOV104,BL,0.06489033895232917,0.14410005437737902,0.00734094616639478,DRB3,1
INCOV104,BL,0.06489033895232917,0.14410005437737902,0.00734094616639478,DRB4,1
INCOV104,BL,0.06489033895232917,0.14410005437737902,0.00734094616639478,DRB5,0
INCOV106,BL,0.08017390192442939,0.10709033949235983,0.04194105236238092,DRB3,1
INCOV106,BL,0.08017390192442939,0.10709033949235983,0.04194105236238092,DRB4,1
INCOV106,BL,0.08017390192442939,0.10709033949235983,0.04194105236238092,DRB5,0
INCOV107,AC,0.0035620547431571056,0.24465691788526434,9.373828271466067e-4,DRB3,0
INCOV107,AC,0.0035620547431571056,0.24465691788526434,9.373828271466067e-4,DRB4,2
INCOV107,AC,0.0035620547431571056,0.24465691788526434,9.373828271466067e-4,DRB5,0
INCOV107,BL,0.026199669056811915,0.20518477661334805,0.005791505791505791,DRB3,0
INCOV107,BL,0.026199669056811915,0.20518477661334805,0.005791505791505791,DRB4,2
INCOV107,BL,0.026199669056811915,0.20518477661334805,0.005791505791505791,DRB5,0
INCOV104,AC,0.08027115128167135,0.14576233516076456,0.0038524225811231295,DRB3,1
INCOV104,AC,0.08027115128167135,0.14576233516076456,0.0038524225811231295,DRB4,1
INCOV104,AC,0.08027115128167135,0.14576233516076456,0.0038524225811231295,DRB5,0
INCOV109,BL,0.003751803751803752,0.13304473304473305,0,DRB3,0
INCOV109,BL,0.003751803751803752,0.13304473304473305,0,DRB4,1
INCOV109,BL,0.003751803751803752,0.13304473304473305,0,DRB5,0
INCOV108,BL,0.23770383136683018,0.003049184674532679,0.002916611427813867,DRB3,2
INCOV108,BL,0.23770383136683018,0.003049184674532679,0.002916611427813867,DRB4,0
INCOV108,BL,0.23770383136683018,0.003049184674532679,0.002916611427813867,DRB5,0
INCOV109,AC,0.026230887922569786,0.11390096787768271,0.018024968438771216,DRB3,0
INCOV109,AC,0.026230887922569786,0.11390096787768271,0.018024968438771216,DRB4,1
INCOV109,AC,0.026230887922569786,0.11390096787768271,0.018024968438771216,DRB5,0
INCOV108,AC,0.23853736817973406,6.304447501146263e-4,0.0012608895002292526,DRB3,2
INCOV108,AC,0.23853736817973406,6.304447501146263e-4,0.0012608895002292526,DRB4,0
INCOV108,AC,0.23853736817973406,6.304447501146263e-4,0.0012608895002292526,DRB5,0
INCOV110,AC,0.0521785906401291,0.1148466917697687,0.0032275416890801506,DRB3,1
INCOV110,AC,0.0521785906401291,0.1148466917697687,0.0032275416890801506,DRB4,1
INCOV110,AC,0.0521785906401291,0.1148466917697687,0.0032275416890801506,DRB5,0
INCOV110,BL,0.05568019579849072,0.12856074512203414,8.158270446665307e-4,DRB3,1
INCOV110,BL,0.05568019579849072,0.12856074512203414,8.158270446665307e-4,DRB4,1
INCOV110,BL,0.05568019579849072,0.12856074512203414,8.158270446665307e-4,DRB5,0
INCOV112,BL,0.0794813979706877,0.0015300370430020938,0.2720647447253986,DRB3,1
INCOV112,BL,0.0794813979706877,0.0015300370430020938,0.2720647447253986,DRB4,0
INCOV112,BL,0.0794813979706877,0.0015300370430020938,0.2720647447253986,DRB5,1
INCOV111,AC,0.004835727492533068,0.002560091025458683,0.3042241501920068,DRB3,0
INCOV111,AC,0.004835727492533068,0.002560091025458683,0.3042241501920068,DRB4,0
INCOV111,AC,0.004835727492533068,0.002560091025458683,0.3042241501920068,DRB5,1
INCOV112,AC,0.08474331164135937,0.0022415039768618945,0.25654374548083875,DRB3,1
INCOV112,AC,0.08474331164135937,0.0022415039768618945,0.25654374548083875,DRB4,0
INCOV112,AC,0.08474331164135937,0.0022415039768618945,0.25654374548083875,DRB5,1
INCOV113,AC,8.86408404464872e-4,0.14504267892317793,0.25847012475377545,DRB3,0
INCOV113,AC,8.86408404464872e-4,0.14504267892317793,0.25847012475377545,DRB4,1
INCOV113,AC,8.86408404464872e-4,0.14504267892317793,0.25847012475377545,DRB5,1
INCOV113,BL,0.0065821314490368795,0.14064466169780274,0.2647855967476527,DRB3,0
INCOV113,BL,0.0065821314490368795,0.14064466169780274,0.2647855967476527,DRB4,1
INCOV113,BL,0.0065821314490368795,0.14064466169780274,0.2647855967476527,DRB5,1
INCOV114,BL,0.11197141155449672,0.05157832042882668,0.006789755807027993,DRB3,2
INCOV114,BL,0.11197141155449672,0.05157832042882668,0.006789755807027993,DRB4,0
INCOV114,BL,0.11197141155449672,0.05157832042882668,0.006789755807027993,DRB5,0
INCOV114,AC,0.20495333811916727,0.005224535375289144,0.001994097471484406,DRB3,2
INCOV114,AC,0.20495333811916727,0.005224535375289144,0.001994097471484406,DRB4,0
INCOV114,AC,0.20495333811916727,0.005224535375289144,0.001994097471484406,DRB5,0
INCOV111,BL,0.005639786127591005,0.002929759027320003,0.3118240191410923,DRB3,0
INCOV111,BL,0.005639786127591005,0.002929759027320003,0.3118240191410923,DRB4,0
INCOV111,BL,0.005639786127591005,0.002929759027320003,0.3118240191410923,DRB5,1
INCOV116,AC,0.1777035490605428,0.10718162839248434,0.0016701461377870565,DRB3,1
INCOV116,AC,0.1777035490605428,0.10718162839248434,0.0016701461377870565,DRB4,1
INCOV116,AC,0.1777035490605428,0.10718162839248434,0.0016701461377870565,DRB5,0
INCOV117,BL,0.2866481451217519,0.005719888870730511,0.007435855531949665,DRB3,2
INCOV117,BL,0.2866481451217519,0.005719888870730511,0.007435855531949665,DRB4,0
INCOV117,BL,0.2866481451217519,0.005719888870730511,0.007435855531949665,DRB5,0
INCOV115,BL,0.21630005640157923,0.12338785485993607,0.003496897913141568,DRB3,1
INCOV115,BL,0.21630005640157923,0.12338785485993607,0.003496897913141568,DRB4,1
INCOV115,BL,0.21630005640157923,0.12338785485993607,0.003496897913141568,DRB5,0
INCOV115,AC,0.17522121155869066,0.10748097271208465,0.0016397500154693397,DRB3,1
INCOV115,AC,0.17522121155869066,0.10748097271208465,0.0016397500154693397,DRB4,1
INCOV115,AC,0.17522121155869066,0.10748097271208465,0.0016397500154693397,DRB5,0
INCOV117,AC,0.2458576764677713,0.0024422947993487216,0.0033521693324394214,DRB3,2
INCOV117,AC,0.2458576764677713,0.0024422947993487216,0.0033521693324394214,DRB4,0
INCOV117,AC,0.2458576764677713,0.0024422947993487216,0.0033521693324394214,DRB5,0
INCOV116,BL,0.17492559523809523,0.0984375,0.004255952380952381,DRB3,1
INCOV116,BL,0.17492559523809523,0.0984375,0.004255952380952381,DRB4,1
INCOV116,BL,0.17492559523809523,0.0984375,0.004255952380952381,DRB5,0
INCOV119,BL,0.08417652552926526,0.006070983810709838,0.005059153175591532,DRB3,1
INCOV119,BL,0.08417652552926526,0.006070983810709838,0.005059153175591532,DRB4,0
INCOV119,BL,0.08417652552926526,0.006070983810709838,0.005059153175591532,DRB5,0
INCOV119,AC,0.09254908722546716,0.0019182274716037675,0.0022199711188223377,DRB3,1
INCOV119,AC,0.09254908722546716,0.0019182274716037675,0.0022199711188223377,DRB4,0
INCOV119,AC,0.09254908722546716,0.0019182274716037675,0.0022199711188223377,DRB5,0
INCOV121,AC,0.2788942438846958,0.003455487860325543,0.02082386105301446,DRB3,2
INCOV121,AC,0.2788942438846958,0.003455487860325543,0.02082386105301446,DRB4,0
INCOV121,AC,0.2788942438846958,0.003455487860325543,0.02082386105301446,DRB5,0
INCOV120,AC,0.11364671931956258,0.0029807108140947752,0.0022212940461725393,DRB3,1
INCOV120,AC,0.11364671931956258,0.0029807108140947752,0.0022212940461725393,DRB4,0
INCOV120,AC,0.11364671931956258,0.0029807108140947752,0.0022212940461725393,DRB5,0
INCOV121,BL,0.29028028933092226,0.003209764918625678,0.014737793851717902,DRB3,2
INCOV121,BL,0.29028028933092226,0.003209764918625678,0.014737793851717902,DRB4,0
INCOV121,BL,0.29028028933092226,0.003209764918625678,0.014737793851717902,DRB5,0
INCOV120,BL,0.10599455542066732,0.0016094617959754257,0.001912960306073649,DRB3,1
INCOV120,BL,0.10599455542066732,0.0016094617959754257,0.001912960306073649,DRB4,0
INCOV120,BL,0.10599455542066732,0.0016094617959754257,0.001912960306073649,DRB5,0
INCOV122,BL,0.15892323496451252,0.0025681733283526337,0.008008031378408666,DRB3,1
INCOV122,BL,0.15892323496451252,0.0025681733283526337,0.008008031378408666,DRB4,0
INCOV122,BL,0.15892323496451252,0.0025681733283526337,0.008008031378408666,DRB5,0
INCOV124,BL,0.017192759028472664,0.1380878741017011,0.010961520967888657,DRB3,0
INCOV124,BL,0.017192759028472664,0.1380878741017011,0.010961520967888657,DRB4,1
INCOV124,BL,0.017192759028472664,0.1380878741017011,0.010961520967888657,DRB5,1
INCOV123,AC,0.005260311685757829,0.002507251364239713,0.6583747111744752,DRB3,0
INCOV123,AC,0.005260311685757829,0.002507251364239713,0.6583747111744752,DRB4,0
INCOV123,AC,0.005260311685757829,0.002507251364239713,0.6583747111744752,DRB5,2
INCOV122,AC,0.18410613912192159,0.0016542038721874314,0.0033421670070725657,DRB3,1
INCOV122,AC,0.18410613912192159,0.0016542038721874314,0.0033421670070725657,DRB4,0
INCOV122,AC,0.18410613912192159,0.0016542038721874314,0.0033421670070725657,DRB5,0
INCOV123,BL,0.00564720377849271,0.007734957902662742,0.6690396331028818,DRB3,0
INCOV123,BL,0.00564720377849271,0.007734957902662742,0.6690396331028818,DRB4,0
INCOV123,BL,0.00564720377849271,0.007734957902662742,0.6690396331028818,DRB5,2
INCOV124,AC,0.004775219126009236,0.13084728723571362,0.00857654487763501,DRB3,0
INCOV124,AC,0.004775219126009236,0.13084728723571362,0.00857654487763501,DRB4,1
INCOV124,AC,0.004775219126009236,0.13084728723571362,0.00857654487763501,DRB5,1
INCOV125,AC,0.1389574188587357,0.10755823267437763,0.0028835987312165585,DRB3,1
INCOV125,AC,0.1389574188587357,0.10755823267437763,0.0028835987312165585,DRB4,1
INCOV125,AC,0.1389574188587357,0.10755823267437763,0.0028835987312165585,DRB5,0
INCOV127,BL,0.0021456738575736487,0.0027255857109719324,0.3359429366736256,DRB3,0
INCOV127,BL,0.0021456738575736487,0.0027255857109719324,0.3359429366736256,DRB4,0
INCOV127,BL,0.0021456738575736487,0.0027255857109719324,0.3359429366736256,DRB5,1
INCOV125,BL,0.15459788529317525,0.13401153476449856,0.002783562960589555,DRB3,1
INCOV125,BL,0.15459788529317525,0.13401153476449856,0.002783562960589555,DRB4,1
INCOV125,BL,0.15459788529317525,0.13401153476449856,0.002783562960589555,DRB5,0
INCOV127,AC,0.002565418163160595,0.001832441545114711,0.32808033423733785,DRB3,0
INCOV127,AC,0.002565418163160595,0.001832441545114711,0.32808033423733785,DRB4,0
INCOV127,AC,0.002565418163160595,0.001832441545114711,0.32808033423733785,DRB5,1
INCOV129,BL,0.003390104124626685,0.15675195738154815,0.24424893050286545,DRB3,0
INCOV129,BL,0.003390104124626685,0.15675195738154815,0.24424893050286545,DRB4,1
INCOV129,BL,0.003390104124626685,0.15675195738154815,0.24424893050286545,DRB5,1
INCOV126,BL,0.10516286854641432,0.002240247199691,0.33938457576928027,DRB3,1
INCOV126,BL,0.10516286854641432,0.002240247199691,0.33938457576928027,DRB4,0
INCOV126,BL,0.10516286854641432,0.002240247199691,0.33938457576928027,DRB5,1
INCOV130,BL,0.16411109503833357,4.339649934905251e-4,0.005279907420801389,DRB3,1
INCOV130,BL,0.16411109503833357,4.339649934905251e-4,0.005279907420801389,DRB4,0
INCOV130,BL,0.16411109503833357,4.339649934905251e-4,0.005279907420801389,DRB5,0
INCOV126,AC,0.11489658672757265,0.0013534661421985366,0.30393774055745887,DRB3,1
INCOV126,AC,0.11489658672757265,0.0013534661421985366,0.30393774055745887,DRB4,0
INCOV126,AC,0.11489658672757265,0.0013534661421985366,0.30393774055745887,DRB5,1
INCOV132,BL,0.1254819488257974,0.14581142656852436,0.08832807570977919,DRB3,1
INCOV132,BL,0.1254819488257974,0.14581142656852436,0.08832807570977919,DRB4,1
INCOV132,BL,0.1254819488257974,0.14581142656852436,0.08832807570977919,DRB5,0
INCOV129,AC,0.004851371615065714,0.14904001646526124,0.2780865014260092,DRB3,0
INCOV129,AC,0.004851371615065714,0.14904001646526124,0.2780865014260092,DRB4,1
INCOV129,AC,0.004851371615065714,0.14904001646526124,0.2780865014260092,DRB5,1
INCOV131,BL,0.0013885382479171926,0.028149457207775813,0.2670411512244383,DRB3,0
INCOV131,BL,0.0013885382479171926,0.028149457207775813,0.2670411512244383,DRB4,1
INCOV131,BL,0.0013885382479171926,0.028149457207775813,0.2670411512244383,DRB5,1
INCOV133,BL,0.2617924528301887,0.004380053908355795,0.0042115902964959566,DRB3,2
INCOV133,BL,0.2617924528301887,0.004380053908355795,0.0042115902964959566,DRB4,0
INCOV133,BL,0.2617924528301887,0.004380053908355795,0.0042115902964959566,DRB5,0
INCOV130,AC,0.16496903520208606,0.0014667535853976532,0.006844850065189048,DRB3,1
INCOV130,AC,0.16496903520208606,0.0014667535853976532,0.006844850065189048,DRB4,0
INCOV130,AC,0.16496903520208606,0.0014667535853976532,0.006844850065189048,DRB5,0
INCOV134,BL,0.09524946287896872,0.005132489854380521,0.012771544521365481,DRB3,1
INCOV134,BL,0.09524946287896872,0.005132489854380521,0.012771544521365481,DRB4,0
INCOV134,BL,0.09524946287896872,0.005132489854380521,0.012771544521365481,DRB5,0
INCOV134,AC,0.11419095001184554,9.476427386875149e-4,0.0018952854773750297,DRB3,1
INCOV134,AC,0.11419095001184554,9.476427386875149e-4,0.0018952854773750297,DRB4,0
INCOV134,AC,0.11419095001184554,9.476427386875149e-4,0.0018952854773750297,DRB5,0
INCOV133,AC,0.29819618891106153,0.001330359588371092,0.0043041045506123565,DRB3,2
INCOV133,AC,0.29819618891106153,0.001330359588371092,0.0043041045506123565,DRB4,0
INCOV133,AC,0.29819618891106153,0.001330359588371092,0.0043041045506123565,DRB5,0
INCOV132,AC,0.1570945945945946,0.13237612612612612,0.008277027027027027,DRB3,1
INCOV132,AC,0.1570945945945946,0.13237612612612612,0.008277027027027027,DRB4,1
INCOV132,AC,0.1570945945945946,0.13237612612612612,0.008277027027027027,DRB5,0
INCOV135,BL,0.0039190897597977245,0.16321112515802783,0.2738305941845765,DRB3,0
INCOV135,BL,0.0039190897597977245,0.16321112515802783,0.2738305941845765,DRB4,1
INCOV135,BL,0.0039190897597977245,0.16321112515802783,0.2738305941845765,DRB5,1
INCOV131,AC,0.0026591091984185296,0.024001959343619886,0.2895280081172807,DRB3,0
INCOV131,AC,0.0026591091984185296,0.024001959343619886,0.2895280081172807,DRB4,1
INCOV131,AC,0.0026591091984185296,0.024001959343619886,0.2895280081172807,DRB5,1
INCOV136,BL,0.001099545521184577,0.23442310511655182,0.005717636710159801,DRB3,0
INCOV136,BL,0.001099545521184577,0.23442310511655182,0.005717636710159801,DRB4,2
INCOV136,BL,0.001099545521184577,0.23442310511655182,0.005717636710159801,DRB5,0
INCOV136,AC,2.635972234425797e-4,0.2304718390299622,0.0040418240927862226,DRB3,0
INCOV136,AC,2.635972234425797e-4,0.2304718390299622,0.0040418240927862226,DRB4,2
INCOV136,AC,2.635972234425797e-4,0.2304718390299622,0.0040418240927862226,DRB5,0
INCOV135,AC,0.011650966782350025,0.11204759543877045,0.2424392662369856,DRB3,0
INCOV135,AC,0.011650966782350025,0.11204759543877045,0.2424392662369856,DRB4,1
INCOV135,AC,0.011650966782350025,0.11204759543877045,0.2424392662369856,DRB5,1
INCOV137,BL,0.13882735194210605,0.002215330084182543,0.01284891448825875,DRB3,2
INCOV137,BL,0.13882735194210605,0.002215330084182543,0.01284891448825875,DRB4,0
INCOV137,BL,0.13882735194210605,0.002215330084182543,0.01284891448825875,DRB5,0
INCOV137,AC,0.1081309200037513,0.010972521804370252,0.02325799493575917,DRB3,2
INCOV137,AC,0.1081309200037513,0.010972521804370252,0.02325799493575917,DRB4,0
INCOV137,AC,0.1081309200037513,0.010972521804370252,0.02325799493575917,DRB5,0
INCOV142,AC,0.0038991105154136713,0.1915438040696966,0.35932740343609115,DRB3,0
INCOV142,AC,0.0038991105154136713,0.1915438040696966,0.35932740343609115,DRB4,1
INCOV142,AC,0.0038991105154136713,0.1915438040696966,0.35932740343609115,DRB5,1
INCOV142,BL,0.0014734774066797642,0.21031434184675835,0.33713163064833007,DRB3,0
INCOV142,BL,0.0014734774066797642,0.21031434184675835,0.33713163064833007,DRB4,1
INCOV142,BL,0.0014734774066797642,0.21031434184675835,0.33713163064833007,DRB5,1
INCOV145,AC,0.11388888888888889,0,0.2916666666666667,DRB3,1
INCOV145,AC,0.11388888888888889,0,0.2916666666666667,DRB4,0
INCOV145,AC,0.11388888888888889,0,0.2916666666666667,DRB5,1
INCOV144,BL,0.004971098265895954,0.1485549132947977,0.2722543352601156,DRB3,0
INCOV144,BL,0.004971098265895954,0.1485549132947977,0.2722543352601156,DRB4,1
INCOV144,BL,0.004971098265895954,0.1485549132947977,0.2722543352601156,DRB5,1
INCOV141,BL,0.20549003089019938,0.001708321632500234,0.30590658054853503,DRB3,1
INCOV141,BL,0.20549003089019938,0.001708321632500234,0.30590658054853503,DRB4,0
INCOV141,BL,0.20549003089019938,0.001708321632500234,0.30590658054853503,DRB5,1
INCOV145,BL,0.09364575059571088,0.00778395552025417,0.2877680698967435,DRB3,1
INCOV145,BL,0.09364575059571088,0.00778395552025417,0.2877680698967435,DRB4,0
INCOV145,BL,0.09364575059571088,0.00778395552025417,0.2877680698967435,DRB5,1
INCOV144,AC,0.004614748098405525,0.16040227873078514,0.29403901849081826,DRB3,0
INCOV144,AC,0.004614748098405525,0.16040227873078514,0.29403901849081826,DRB4,1
INCOV144,AC,0.004614748098405525,0.16040227873078514,0.29403901849081826,DRB5,1
INCOV147,BL,0.01028410772417875,0.43185853802900265,0.35735424681858535,DRB3,0
INCOV147,BL,0.01028410772417875,0.43185853802900265,0.35735424681858535,DRB4,1
INCOV147,BL,0.01028410772417875,0.43185853802900265,0.35735424681858535,DRB5,1
INCOV147,AC,0.004640168096655577,0.3581246716862196,0.327613377692173,DRB3,0
INCOV147,AC,0.004640168096655577,0.3581246716862196,0.327613377692173,DRB4,1
INCOV147,AC,0.004640168096655577,0.3581246716862196,0.327613377692173,DRB5,1
INCOV141,AC,0.23617154192650394,0.0011726926997139508,0.3593481143758973,DRB3,1
INCOV141,AC,0.23617154192650394,0.0011726926997139508,0.3593481143758973,DRB4,0
INCOV141,AC,0.23617154192650394,0.0011726926997139508,0.3593481143758973,DRB5,1
