sample,DRB1,DRB3,DRB4,DRB5
INCOV005-BL,34855,9486,1,0
INCOV003-AC,66561,6892,12368,1
INCOV003-BL,69175,7437,15819,2
INCOV006-BL,48887,6,23,3
INCOV005-AC,84603,23983,2,1
INCOV007-AC,55972,12399,0,2
INCOV008-BL,56071,199,0,21088
INCOV007-BL,97920,18080,1,0
INCOV009-AC,53002,79,1,40484
INCOV009-BL,72543,117,0,52208
INCOV006-AC,177209,35,75,116
INCOV010-AC,60202,8039,3,7
INCOV011-AC,56357,68,0,21013
INCOV011-BL,76328,19825,0,141
INCOV010-BL,93198,13488,0,215
INCOV012-BL,62873,25019,2,180
INCOV013-AC,17554,1549,0,6600
INCOV012-AC,91217,35140,0,163
INCOV015-BL,14737,9,2,9934
INCOV014-BL,39711,6813,8840,2
INCOV013-BL,63471,6669,3,26386
INCOV018-BL,14429,4590,6,8
INCOV015-AC,55068,5742,28,8392
INCOV016-BL,65737,7614,0,3
INCOV018-AC,35937,11564,21,23
INCOV016-AC,92261,14959,1,147
INCOV019-BL,29274,3385,4583,17
INCOV019-AC,52177,6153,7097,28
INCOV022-BL,29269,2877,56,3342
INCOV022-AC,32466,42,0,19354
INCOV020-BL,48288,9366,10502,50
INCOV023-BL,23758,3763,39,8
INCOV020-AC,61427,9564,11591,27
INCOV023-AC,43449,7376,69,25
INCOV024-AC,46177,28,6457,36
INCOV026-AC,11895,11,2123,4111
INCOV027-AC,4130,470,18,1324
INCOV026-BL,33913,3,6021,13498
INCOV028-AC,3836,251,1065,9
INCOV028-BL,21428,1518,5983,17
INCOV025-AC,23961,1874,3801,32
INCOV027-BL,99545,147,11692,287
INCOV029-AC,14173,12,2898,4819
INCOV029-BL,15467,7,4503,5288
INCOV025-BL,29950,2792,5696,51
INCOV024-BL,89625,87,13017,22725
INCOV030-BL,26005,6,8830,21
INCOV030-AC,18609,28,3108,3052
INCOV032-BL,17235,2481,2705,10
INCOV032-AC,20468,2822,3177,9
INCOV031-BL,28371,59,51,9173
INCOV034-AC,6266,7,1581,4
INCOV031-AC,38301,56,80,12350
INCOV034-BL,14230,5,4052,16
INCOV033-BL,12654,3912,20,5
INCOV035-BL,30176,3194,37,46
INCOV039-BL,11465,698,2,13
INCOV039-AC,18799,3704,23,5157
INCOV040-BL,2042,374,4,12
INCOV040-AC,4762,990,6,10
INCOV036-AC,47088,7237,0,0
INCOV041-AC,1486,281,1,3
INCOV035-AC,20656,4321,109,94
INCOV033-AC,109981,8048,1,13
INCOV043-BL,1009,0,2,277
INCOV043-AC,1304,4,1,358
INCOV044-BL,3648,332,1,1022
INCOV044-AC,3663,384,1,1192
INCOV042-AC,11086,803,7,13
INCOV036-BL,49445,7280,21,22
INCOV047-BL,1178,2,209,3
INCOV042-BL,10092,576,7,14
INCOV047-AC,5448,4,815,10
INCOV048-BL,3810,4,1444,1227
INCOV045-AC,9919,622,14,14
INCOV041-BL,48792,7385,85,64
INCOV045-BL,10486,1711,2,3092
INCOV049-BL,11223,2580,1,11
INCOV050-BL,9105,1535,2,15
INCOV051-BL,7947,0,1187,6
INCOV049-AC,13629,2320,28,24
INCOV050-AC,20707,4776,6,7
INCOV051-AC,18421,18,2778,10
INCOV052-BL,9987,1591,14,12
INCOV053-BL,4422,726,12,1919
INCOV055-BL,2320,2,1,2285
INCOV053-AC,4294,690,7,1987
INCOV052-AC,27301,4739,13,18
INCOV056-AC,24161,4772,3533,9
INCOV057-BL,14171,947,2107,8
INCOV057-AC,17895,1206,2113,3
INCOV058-AC,26128,2,6711,10
INCOV058-BL,39002,15,10931,13
INCOV059-BL,14274,2505,1904,7
INCOV056-BL,71604,14494,9605,61
INCOV059-AC,24962,4894,3469,10
INCOV060-BL,19340,2729,1711,2
INCOV061-BL,20789,2,12,6437
INCOV062-BL,13348,9,2203,4148
INCOV060-AC,53342,8063,5198,31
INCOV062-AC,28888,18,5059,8946
INCOV063-BL,18946,3113,7,8
INCOV061-AC,17089,10,50,4764
INCOV067-BL,25985,18,3003,8018
INCOV063-AC,61526,8669,16,32
INCOV066-AC,71307,35,22115,23139
INCOV068-BL,11230,5,17,21
INCOV067-AC,52309,2,5905,15887
INCOV069-BL,16273,1168,21,4853
INCOV066-BL,60897,8413,4905,18583
INCOV070-BL,7257,10,1309,6
INCOV068-AC,31120,4,14,19
INCOV069-AC,28002,2088,16,9189
INCOV071-AC,13041,855,4,10
INCOV072-BL,2836,173,9,714
INCOV071-BL,22404,7,3283,15
INCOV073-AC,9013,488,778,336
INCOV073-BL,9448,472,918,353
INCOV072-AC,6180,558,3,1721
INCOV074-AC,3840,72,425,21
INCOV074-BL,12371,244,1746,33
INCOV076-BL,13102,5,2496,3657
INCOV075-AC,11889,307,1814,2321
INCOV075-BL,14199,978,1459,2088
INCOV076-AC,28675,20,4813,8907
INCOV070-AC,74840,6245,846,25897
INCOV078-AC,12629,200,1154,157
INCOV078-BL,15208,423,1291,35
INCOV079-AC,6865,1421,27,2211
INCOV079-BL,22503,4870,269,6517
INCOV080-BL,7763,1307,171,26
INCOV077-BL,81489,16989,12105,86
INCOV080-AC,15292,3011,71,4
INCOV081-BL,14233,1217,2002,13
INCOV077-AC,78889,14546,8877,112
INCOV082-AC,28214,3389,3492,31
INCOV081-AC,50891,3081,7240,86
INCOV083-AC,29452,2042,4162,50
INCOV083-BL,80449,12586,7807,107
INCOV086-BL,19242,4466,4350,40
INCOV082-BL,69246,86,16575,75
INCOV087-BL,11743,343,2500,190
INCOV088-AC,7734,29,1244,2
INCOV088-BL,5951,39,1034,10
INCOV090-BL,5865,1361,62,85
INCOV087-AC,20976,306,4568,428
INCOV086-AC,31669,6387,5360,68
INCOV090-AC,6924,1457,41,23
INCOV091-AC,18123,979,225,4402
INCOV092-AC,16071,2389,1587,17
INCOV093-BL,10573,1443,164,2765
INCOV091-BL,26608,1361,522,6366
INCOV092-BL,32175,5477,4605,17
INCOV096-BL,6314,1256,33,1456
INCOV093-AC,13648,1829,290,3584
INCOV094-AC,15699,1047,249,16
INCOV097-BL,7553,1663,28,23
INCOV094-BL,17254,1131,43,24
INCOV096-AC,12102,2270,43,2850
INCOV098-AC,5304,265,195,814
INCOV097-AC,15229,3835,61,13
INCOV098-BL,9410,779,730,950
INCOV101-AC,3822,248,124,1
INCOV100-AC,10522,161,1404,236
INCOV100-BL,10666,405,918,541
INCOV102-AC,9571,1831,41,2721
INCOV101-BL,12196,1145,320,52
INCOV102-BL,17256,3214,69,4508
INCOV103-BL,8164,634,41,7
INCOV103-AC,3864,214,74,45
INCOV105-BL,3488,322,366,543
INCOV105-AC,15758,48,2498,4219
INCOV106-AC,10095,864,810,399
INCOV104-BL,11034,716,1590,81
INCOV106-BL,15641,1254,1675,656
INCOV107-AC,10668,38,2610,10
INCOV107-BL,3626,95,744,21
INCOV104-AC,26996,2167,3935,104
INCOV109-BL,3465,13,461,0
INCOV108-BL,7543,1793,23,22
INCOV109-AC,14258,374,1624,257
INCOV108-AC,17448,4162,11,22
INCOV110-AC,7436,388,854,24
INCOV110-BL,14709,819,1891,12
INCOV112-BL,24836,1974,38,6757
INCOV111-AC,28124,136,72,8556
INCOV112-AC,13830,1172,31,3548
INCOV113-AC,30460,27,4418,7873
INCOV113-BL,20662,136,2906,5471
INCOV114-BL,8395,940,433,57
INCOV114-AC,25074,5139,131,50
INCOV111-BL,40959,231,120,12772
INCOV116-AC,23950,4256,2567,40
INCOV117-BL,12238,3508,70,91
INCOV115-BL,53190,11505,6563,186
INCOV115-AC,64644,11327,6948,106
INCOV117-AC,20882,5134,51,70
INCOV116-BL,67200,11755,6615,286
INCOV119-BL,25696,2163,156,130
INCOV119-AC,46397,4294,89,103
INCOV121-AC,10997,3067,38,229
INCOV120-AC,52672,5986,157,117
INCOV121-BL,22120,6421,71,326
INCOV120-BL,108732,11525,175,208
INCOV122-BL,42832,6807,110,343
INCOV124-BL,21986,378,3036,241
INCOV123-AC,20341,107,51,13392
INCOV122-AC,59243,10907,98,198
INCOV123-BL,29218,165,226,19548
INCOV124-AC,31831,152,4165,273
INCOV125-AC,31211,4337,3357,90
INCOV127-BL,17244,37,47,5793
INCOV125-BL,49936,7720,6692,139
INCOV127-AC,13643,35,25,4476
INCOV128-BL,16533,43,63,101
INCOV129-BL,12389,42,1942,3026
INCOV126-BL,38835,4084,87,13180
INCOV130-BL,13826,2269,6,73
INCOV126-AC,47286,5433,64,14372
INCOV128-AC,40247,67,74,163
INCOV132-BL,2853,358,416,252
INCOV129-AC,34011,165,5069,9458
INCOV131-BL,15844,22,446,4231
INCOV133-BL,5936,1554,26,25
INCOV130-AC,24544,4049,36,168
INCOV134-BL,8378,798,43,107
INCOV134-AC,21105,2410,20,40
INCOV133-AC,25557,7621,34,110
INCOV132-AC,17760,2790,2351,147
INCOV135-BL,7910,31,1291,2166
INCOV131-AC,28581,76,686,8275
INCOV136-BL,13642,15,3198,78
INCOV136-AC,11381,3,2623,46
INCOV135-AC,4034,47,452,978
INCOV137-BL,6771,940,15,87
INCOV137-AC,10663,1153,117,248
INCOV142-AC,8207,32,1572,2949
INCOV142-BL,10180,15,2141,3432
INCOV145-AC,360,41,0,105
INCOV144-BL,8650,43,1285,2355
INCOV141-BL,42732,8781,73,13072
INCOV145-BL,12590,1179,98,3623
INCOV144-AC,31421,145,5040,9239
INCOV147-BL,13516,139,5837,4830
INCOV147-AC,22844,106,8181,7484
INCOV141-AC,91243,21549,107,32788
