subject	A1	A2	B1	B2	C1	C2	DMA1	DMA2	DMB1	DMB2	DOB1	DOB2	DPA11	DPA12	DPB11	DPB12	DQA11	DQA12	DQB11	DQB12	DRA1	DRA2	DRB11	DRB12	E1	E2	F1	F2	L1	L2	DRB51	DRB52	DRB31	DRB32	DOA1	DOA2	DRB41	DRB42	K1	K2	H1	H2
SRR7881407	A*02:786	A*24:459	B*44:02:38	B*15:03:01	C*05:01:01	C*02:10:01	DMA*01:01:01	DMA*01:01:01	DMB*01:01:01	DMB*01:01:01	DOB*01:01:01	DOB*01:01:02	DPA1*02:01:01	DPA1*01:03:01	DPB1*03:01:01	DPB1*13:01:01	DQA1*05:05:01	DQA1*01:01:02	DQB1*05:45	DQB1*03:01:46	DRA*01:01:01	DRA*01:01:01	DRB1*01:02:01	DRB1*11:03:01	E*01:01:14	E*01:87	F*01:03:01	F*01:01:01	L*01:02	L*01:01:01												
SRR7881413	A*01:01:108	A*02:786	B*44:03:32	B*37:01:01	C*16:01:01	C*06:02:01	DMA*01:01:01	DMA*01:01:01	DMB*01:03:01	DMB*01:01:01			DPA1*02:01:01	DPA1*02:01:02	DPB1*11:01:01	DPB1*01:01:01	DQA1*02:01:01	DQA1*02:01:01	DQB1*02:02:12	DQB1*06:115	DRA*01:01:01	DRA*01:02:03	DRB1*07:01:01	DRB1*15:01:01	E*01:01:01	E*01:03:01	F*01:01:01	F*01:01:01	L*01:02	L*01:02	DRB5*01:01:01	DRB5*01:01:01										
SRR7881400	A*01:01:71	A*25:01:01	B*18:01:01	B*49:01:01	C*07:01:31	C*12:03:01	DMA*01:01:01	DMA*01:01:01	DMB*01:03:01	DMB*01:01:01	DOB*01:01:01	DOB*01:02:01	DPA1*01:03:01	DPA1*01:03:01	DPB1*04:01:01	DPB1*23:01:01	DQA1*01:02:01	DQA1*01:02:01	DQB1*06:112N	DQB1*06:88	DRA*01:02:02	DRA*01:02:03	DRB1*13:02:01	DRB1*13:02:01	E*01:01:01	E*01:01:14	F*01:01:01	F*01:06			DRB5*01:01:01	DRB5*01:01:01										
SRR7881421	A*30:01:01	A*34:02:01	B*13:02:01	B*42:01:01	C*17:01:01	C*18:02:01	DMA*01:01:01	DMA*01:01:01	DMB*01:03:01	DMB*01:01:01	DOB*01:01:01	DOB*01:01:01	DPA1*02:02:02	DPA1*03:01:01	DPB1*105:01:01	DPB1*01:01:01	DQA1*01:02:01	DQA1*01:02:01	DQB1*06:02:11	DQB1*05:46	DRA*01:01:01	DRA*01:02:02	DRB1*13:02:01	DRB1*13:02:01	E*01:01:14	E*01:03:05	F*01:01:01	F*01:01:01			DRB5*01:01:01	DRB5*01:01:01	DRB3*03:01:01	DRB3*03:01:01								
SRR7881408	A*02:786	A*03:02:01	B*44:329	B*40:01:02	C*03:04:04	C*05:01:01	DMA*01:01:01	DMA*01:02	DMB*01:03:01	DMB*01:01:01	DOB*01:01:01	DOB*01:02:01	DPA1*01:03:01	DPA1*02:01:01	DPB1*09:01:01	DPB1*04:01:01	DQA1*03:04	DQA1*03:03:01	DQB1*03:01:21	DQB1*03:01:46	DRA*01:01:01	DRA*01:01:01	DRB1*04:01:01	DRB1*08:04:01	E*01:01:01	E*01:03:02	F*01:03:01	F*01:01:01	L*01:02	L*01:02												
SRR7881399	A*01:01:108	A*03:01:01	B*27:05:07	B*27:05:07	C*02:02:02	C*12:03:01	DMA*01:01:01	DMA*01:02	DMB*01:01:01	DMB*01:01:01			DPA1*01:03:01	DPA1*01:03:01	DPB1*677:01	DPB1*04:02:01	DQA1*05:05:01	DQA1*01:01:01	DQB1*05:45	DQB1*03:01:08	DRA*01:01:01	DRA*01:01:01	DRB1*11:01:01	DRB1*01:01:01	E*01:01:01	E*01:03:02	F*01:03:01	F*01:01:01	L*01:02	L*01:01:01			DRB3*02:02:01	DRB3*02:02:01								
SRR7881422	A*24:443	A*31:20	B*07:02:73	B*35:01:01	C*04:01:125	C*07:744	DMA*01:01:01	DMA*01:01:01	DMB*01:01:01	DMB*01:01:01	DOB*01:01:01	DOB*01:01:03	DPA1*01:03:01	DPA1*01:03:01	DPB1*677:01	DPB1*04:01:01	DQA1*01:23	DQA1*01:43	DQB1*05:45	DQB1*06:115	DRA*01:01:01	DRA*01:02:03	DRB1*15:01:01	DRB1*01:01:01	E*01:01:14	E*01:01:14	F*01:01:01	F*01:01:01	L*01:02	L*01:02	DRB5*01:01:01	DRB5*01:01:01			DOA*01:01:04	DOA*01:01:04						
SRR7881406	A*29:02:01	A*74:01:01	B*82:01:01	B*82:01:01	C*16:161	C*03:02:02	DMA*01:01:01	DMA*01:01:01	DMB*01:03:01	DMB*01:01:01	DOB*01:01:01	DOB*01:02:01	DPA1*01:03:01	DPA1*01:03:01	DPB1*40:01:01	DPB1*39:01:02	DQA1*02:01:01	DQA1*02:01:01	DQB1*02:02:12	DQB1*06:112N	DRA*01:01:01	DRA*01:02:02	DRB1*11:01:02	DRB1*07:01:01	E*01:03:02	E*01:05:01	F*01:01:01	F*01:01:01									DRB4*01:01:01	DRB4*01:01:01				
SRR7881417	A*02:786	A*68:01:01	B*44:439	B*14:02:01	C*05:01:01	C*08:02:01	DMA*01:01:01	DMA*01:01:01	DMB*01:03:01	DMB*01:03:01			DPA1*02:01:01	DPA1*01:03:01	DPB1*05:01:01	DPB1*04:01:01	DQA1*03:03:01	DQA1*03:03:01	DQB1*03:116	DQB1*06:88	DRA*01:01:01	DRA*01:02:02	DRB1*04:01:01	DRB1*13:02:01	E*01:01:01	E*01:01:14	F*01:01:01	F*01:01:02	L*01:02	L*01:01:01					DOA*01:01:04	DOA*01:02	DRB4*03:01N	DRB4*03:01N				
SRR7881402	A*11:01:81	A*33:01:01	B*15:16:04	B*15:16:04	C*14:02:03	C*04:01:01	DMA*01:02	DMA*01:02	DMB*01:01:01	DMB*01:01:01			DPA1*01:03:01	DPA1*01:03:01	DPB1*124:01:02	DPB1*02:01:19	DQA1*02:01:01	DQA1*02:01:01	DQB1*02:02:12	DQB1*05:45	DRA*01:01:01	DRA*01:01:01	DRB1*07:01:01	DRB1*07:01:01	E*01:05:01	E*01:43	F*01:01:01	F*01:02									DRB4*03:01N	DRB4*03:01N				
SRR7881403	A*11:363	A*33:01:01	B*15:16:01	B*35:454	C*04:01:01	C*14:02:03	DMA*01:02	DMA*01:02	DMB*01:01:01	DMB*01:01:01	DOB*01:04:01	DOB*01:01:01	DPA1*01:03:01	DPA1*01:03:01	DPB1*02:01:19	DPB1*124:01:02	DQA1*02:01:01	DQA1*02:01:01	DQB1*02:02:12	DQB1*05:45	DRA*01:01:01	DRA*01:01:01	DRB1*07:01:01	DRB1*01:01:01	E*01:01:14	E*01:05:01	F*01:01:02	F*01:01:02									DRB4*03:01N	DRB4*03:01N				
SRR7881423	A*33:151	A*02:864:01	B*40:01:02	B*58:01:01	C*03:04:13	C*03:02:02	DMA*01:01:01	DMA*01:01:01	DMB*01:01:01	DMB*01:01:01			DPA1*02:12	DPA1*02:12	DPB1*85:01:01	DPB1*85:01:01	DQA1*01:02:01	DQA1*01:02:02	DQB1*05:47	DQB1*06:88	DRA*01:01:01	DRA*01:02:02	DRB1*13:02:01	DRB1*13:02:01	E*01:03:02	E*01:01:01	F*01:04:01	F*01:04:01			DRB5*02:02:01	DRB5*01:08:01										
SRR7881419	A*02:786	A*68:243	B*14:02:01	B*44:02:01	C*05:01:01	C*08:02:01	DMA*01:01:01	DMA*01:01:01	DMB*01:03:01	DMB*01:03:01	DOB*01:01:01	DOB*01:01:01	DPA1*02:01:01	DPA1*01:03:01	DPB1*677:01	DPB1*05:01:01	DQA1*03:03:01	DQA1*03:03:01	DQB1*03:01:08	DQB1*06:18:02	DRA*01:01:01	DRA*01:02:02	DRB1*04:01:01	DRB1*13:02:01	E*01:01:01	E*01:01:14	F*01:01:01	F*01:01:01					DRB3*03:01:01	DRB3*03:01:01			DRB4*03:01N	DRB4*03:01N				
SRR7881411	A*03:01:01	A*03:340	B*18:01:01	B*35:01:01	C*04:01:01	C*07:01:50	DMA*01:01:01	DMA*01:01:01	DMB*01:01:01	DMB*01:01:01	DOB*01:01:01	DOB*01:03	DPA1*01:03:01	DPA1*01:03:01	DPB1*02:01:02	DPB1*04:02:01	DQA1*03:02:01	DQA1*03:02:01	DQB1*03:96	DQB1*05:03:01	DRA*01:01:01	DRA*01:01:01	DRB1*09:01:02	DRB1*14:54:01	E*01:03:05	E*01:03:05	F*01:03:01	F*01:03:01									DRB4*01:03:02	DRB4*01:03:02				
SRR7881418	A*02:786	A*68:243	B*14:02:01	B*44:02:01	C*05:01:01	C*05:01:01	DMA*01:01:01	DMA*01:01:01	DMB*01:03:01	DMB*01:03:01	DOB*01:01:01	DOB*01:01:02	DPA1*02:01:01	DPA1*01:03:01	DPB1*677:01	DPB1*05:01:01	DQA1*03:03:01	DQA1*03:03:01	DQB1*03:01:08	DQB1*06:88	DRA*01:01:01	DRA*01:02:02	DRB1*04:01:01	DRB1*13:02:01	E*01:01:14	E*01:01:14	F*01:01:01	F*01:01:01	L*01:02	L*01:02			DRB3*03:01:01	DRB3*03:01:01	DOA*01:04N	DOA*01:04N	DRB4*03:01N	DRB4*03:01N	K*01:01:01	K*01:01:01		
SRR7881412	A*02:864:01	A*25:01:01	B*18:01:01	B*40:01:02	C*03:04:04	C*12:03:01	DMA*01:01:01	DMA*01:01:01	DMB*01:01:01	DMB*01:01:01	DOB*01:03	DOB*01:02:01	DPA1*02:02:02	DPA1*01:03:01	DPB1*04:01:01	DPB1*01:01:01	DQA1*02:01:01	DQA1*03:01:01	DQB1*02:02:12	DQB1*03:02:11	DRA*01:01:01	DRA*01:01:01	DRB1*07:01:01	DRB1*04:01:01	E*01:01:01	E*01:03:02	F*01:01:01	F*01:01:01	L*01:02	L*01:01:01							DRB4*01:03:01	DRB4*01:03:01				
SRR7881415	A*26:168	A*03:01:01	B*38:01:01	B*37:01:01	C*06:02:38	C*12:195:02	DMA*01:01:01	DMA*01:01:01	DMB*01:01:01	DMB*01:01:01			DPA1*01:03:01	DPA1*02:01:02	DPB1*01:01:01	DPB1*01:01:01	DQA1*05:05:01	DQA1*05:05:01	DQB1*03:01:08	DQB1*03:01:46	DRA*01:01:01	DRA*01:01:01	DRB1*11:01:01	DRB1*11:04:01	E*01:01:14	E*01:03:01	F*01:03:01	F*01:01:01														
SRR7881405	A*33:01:15	A*02:864:01	B*14:02:01	B*45:01:01	C*08:02:01	C*16:01:01	DMA*01:01:01	DMA*01:01:01	DMB*01:01:01	DMB*01:01:01			DPA1*02:01:08	DPA1*01:03:01	DPB1*04:01:01	DPB1*01:01:01	DQA1*02:01:01	DQA1*02:01:01	DQB1*02:02:12	DQB1*06:112N	DRA*01:01:01	DRA*01:02:02	DRB1*07:01:01	DRB1*13:01:01	E*01:01:01	E*01:03:02	F*01:01:02	F*01:01:02					DRB3*01:01:02	DRB3*01:01:02			DRB4*01:01:01	DRB4*01:01:01				
SRR7881410	A*02:786	A*30:02:01	B*18:01:01	B*57:01:01	C*06:234	C*05:01:01	DMA*01:01:01	DMA*01:01:01	DMB*01:03:01	DMB*01:01:01	DOB*01:05	DOB*01:01:01	DPA1*01:03:01	DPA1*01:03:01	DPB1*677:01	DPB1*02:02:01	DQA1*02:01:01	DQA1*02:01:01	DQB1*02:02:12	DQB1*03:03:08	DRA*01:01:01	DRA*01:01:02	DRB1*07:01:01	DRB1*03:01:01	E*01:01:01	E*01:03:02	F*01:01:01	F*01:01:01	L*01:02	L*01:02							DRB4*03:01N	DRB4*03:01N				
SRR7881404	A*03:48	A*26:01:01	B*35:330	B*57:03:01	C*04:01:88	C*06:234	DMA*01:01:01	DMA*01:01:01	DMB*01:03:01	DMB*01:01:01	DOB*01:01:01	DOB*01:02:01	DPA1*01:03:01	DPA1*01:03:01	DPB1*18:01:01	DPB1*18:01:01	DQA1*01:02:01	DQA1*01:02:01	DQB1*06:115	DQB1*06:88	DRA*01:02:02	DRA*01:02:02	DRB1*11:01:02	DRB1*13:02:01	E*01:01:14	E*01:03:05	F*01:01:02	F*01:01:02					DRB3*03:01:01	DRB3*02:02:01								
SRR7881409	A*11:01:36	A*32:01:01	B*35:01:01	B*07:02:01	C*04:01:01	C*07:02:01	DMA*01:01:01	DMA*01:01:01	DMB*01:03:01	DMB*01:03:01			DPA1*01:03:01	DPA1*01:03:01	DPB1*677:01	DPB1*04:01:01	DQA1*01:01:01	DQA1*01:02:01	DQB1*05:45	DQB1*06:107	DRA*01:01:01	DRA*01:02:03	DRB1*15:01:01	DRB1*01:01:01	E*01:01:01	E*01:03:02	F*01:01:02	F*01:01:02	L*01:01:02	L*01:02	DRB5*01:01:01	DRB5*01:01:01										
SRR7881414	A*31:20	A*68:02:14	B*15:10:01	B*53:01:01	C*04:01:64	C*03:04:02	DMA*01:01:01	DMA*01:01:01	DMB*01:01:01	DMB*01:01:01	DOB*01:01:01	DOB*01:02:01	DPA1*02:02:02	DPA1*02:01:01	DPB1*01:01:01	DPB1*01:01:01	DQA1*04:01:02	DQA1*04:01:02	DQB1*03:19:01	DQB1*03:01:08	DRA*01:02:02	DRA*01:02:02	DRB1*08:04:01	DRB1*08:04:01	E*01:03:05	E*01:03:05	F*01:02	F*01:02	L*01:02	L*01:01:01									K*01:01:01	K*01:01:01		
SRR7881416	A*01:37:01	A*29:01:01	B*08:01:01	B*44:02:40	C*07:660	C*05:01:01	DMA*01:01:01	DMA*01:01:01	DMB*01:01:01	DMB*01:01:01			DPA1*01:03:01	DPA1*01:03:01	DPB1*04:01:01	DPB1*06:01:01	DQA1*05:01:01	DQA1*01:02:01	DQB1*02:02:12	DQB1*06:107	DRA*01:02:02	DRA*01:02:03	DRB1*15:01:01	DRB1*03:01:01	E*01:01:01	E*01:01:01	F*01:01:01	F*01:01:02			DRB5*01:01:01	DRB5*01:01:01										
SRR7881401	A*11:303	A*33:01:15	B*15:16:01	B*15:16:04	C*04:01:01	C*14:02:01	DMA*01:02	DMA*01:02	DMB*01:01:01	DMB*01:01:01	DOB*01:04:01	DOB*01:01:01	DPA1*01:03:01	DPA1*01:03:01	DPB1*02:01:19	DPB1*124:01:02	DQA1*02:01:01	DQA1*02:01:01	DQB1*02:02:12	DQB1*05:45	DRA*01:01:01	DRA*01:01:01	DRB1*07:01:01	DRB1*01:01:01	E*01:01:01	E*01:05:01	F*01:01:02	F*01:01:02							DOA*01:01:02	DOA*01:01:02	DRB4*03:01N	DRB4*03:01N				
SRR7881420	A*02:786	A*68:243	B*44:02:41	B*14:02:01	C*05:01:01	C*08:02:01	DMA*01:01:01	DMA*01:01:01	DMB*01:03:01	DMB*01:03:01	DOB*01:01:01	DOB*01:01:01	DPA1*02:01:01	DPA1*01:03:01	DPB1*677:01	DPB1*05:01:01	DQA1*03:03:01	DQA1*03:03:01	DQB1*03:01:21	DQB1*06:18:02	DRA*01:01:01	DRA*01:02:02	DRB1*04:01:01	DRB1*13:02:01	E*01:01:01	E*01:01:14	F*01:01:01	F*01:01:01	L*01:01:02	L*01:02			DRB3*03:01:01	DRB3*03:01:01	DOA*01:01:04	DOA*01:01:04	DRB4*03:01N	DRB4*03:01N	K*01:01:01	K*01:02	H*02:05	H*02:01:02
